instance_id,tree_type,area_pixels,bbox_x,bbox_y,bbox_x2,bbox_y2,bbox_width,bbox_height,centroid_x,centroid_y
1,Tree - jenis belum teridentifikasi,1575,1127,0,1220,32,94,33,1163.26,10.32
2,Tree - jenis belum teridentifikasi,184,1268,0,1279,20,12,21,1274.66,8.08
3,Tree - jenis belum teridentifikasi,2327,1535,0,1585,80,51,81,1555.86,30.7
4,Tree - jenis belum teridentifikasi,306,495,0,511,29,17,30,504.78,17.42
5,Tree - jenis belum teridentifikasi,213,1222,17,1238,33,17,17,1229.94,24.46
6,Tree - jenis belum teridentifikasi,1868,1073,0,1117,69,45,70,1096.46,31.85
7,Tree - jenis belum teridentifikasi,240,1664,18,1679,39,16,22,1670.64,28.88
8,Tree - jenis belum teridentifikasi,1049,420,15,459,49,40,35,437.34,30.93
9,Tree - jenis belum teridentifikasi,3231,305,0,419,47,115,48,376.94,20.99
10,Tree - jenis belum teridentifikasi,70,506,30,511,46,6,17,509.24,39.14
11,Tree - jenis belum teridentifikasi,194,1126,40,1139,61,14,22,1132.16,48.31
12,Tree - jenis belum teridentifikasi,61,1677,42,1684,55,8,14,1680.41,48.59
13,Tree - jenis belum teridentifikasi,95,1416,44,1430,53,15,10,1422.04,47.87
14,Tree - jenis belum teridentifikasi,85,1497,45,1511,54,15,10,1504.87,49.73
15,Tree - jenis belum teridentifikasi,2913,434,23,511,80,78,58,472.06,54.67
16,Tree - jenis belum teridentifikasi,466,1351,45,1375,74,25,30,1363.69,55.72
17,Tree - jenis belum teridentifikasi,196,68,46,85,62,18,17,77.08,53.42
18,Tree - jenis belum teridentifikasi,164,87,49,102,63,16,15,94.57,56.39
19,Tree - jenis belum teridentifikasi,5121,1578,9,1663,92,86,84,1622.05,48.3
20,Tree - jenis belum teridentifikasi,840,1306,42,1349,74,44,33,1326.18,56.8
21,Tree - jenis belum teridentifikasi,831,703,42,736,79,34,38,719.82,61.04
22,Tree - jenis belum teridentifikasi,253,1567,45,1585,64,19,20,1576.07,54.89
23,Tree - jenis belum teridentifikasi,269,1518,46,1532,74,15,29,1524.94,61.73
24,Tree - jenis belum teridentifikasi,160,26,61,45,72,20,12,35.43,65.68
25,Tree - jenis belum teridentifikasi,397,1418,52,1442,79,25,28,1431.55,64.29
26,Tree - jenis belum teridentifikasi,108,46,64,63,72,18,9,54.72,67.94
27,Tree - jenis belum teridentifikasi,635,1368,45,1400,86,33,42,1384.66,66.31
28,Tree - jenis belum teridentifikasi,617,1432,46,1472,84,41,39,1452.7,66.59
29,Tree - jenis belum teridentifikasi,249,1485,62,1510,77,26,16,1498.15,69.77
30,Tree - jenis belum teridentifikasi,113,1562,60,1572,77,11,18,1566.96,68.63
31,Tree - jenis belum teridentifikasi,211,3,62,27,76,25,15,16.94,70.14
32,Tree - jenis belum teridentifikasi,173,1535,63,1548,92,14,30,1539.53,73.83
33,Tree - jenis belum teridentifikasi,3006,361,46,436,103,76,58,397.42,71.4
34,Tree - jenis belum teridentifikasi,270,1288,68,1312,91,25,24,1302.41,78.26
35,Tree - jenis belum teridentifikasi,945,62,63,107,106,46,44,85.05,81.84
36,Tree - jenis belum teridentifikasi,913,1443,50,1485,100,43,51,1467.58,80.94
37,Tree - jenis belum teridentifikasi,358,1576,68,1597,96,22,29,1585.98,82.7
38,Tree - jenis belum teridentifikasi,268,1509,73,1529,92,21,20,1519.23,81.8
39,Tree - jenis belum teridentifikasi,88,49,76,57,88,9,13,52.19,82.77
40,Tree - jenis belum teridentifikasi,244,105,78,128,92,24,15,116.21,84.52
41,Tree - jenis belum teridentifikasi,329,678,73,701,94,24,22,690.78,84.3
42,Tree - jenis belum teridentifikasi,29,1126,82,1131,87,6,6,1128.38,84.79
43,Tree - jenis belum teridentifikasi,29,1424,83,1429,88,6,6,1426.21,85.28
44,Tree - jenis belum teridentifikasi,238,1359,78,1380,92,22,15,1369.05,84.84
45,Tree - jenis belum teridentifikasi,1767,1245,21,1286,93,42,73,1266.35,64.99
46,Tree - jenis belum teridentifikasi,1678,1311,52,1363,108,53,57,1334.97,83.96
47,Tree - jenis belum teridentifikasi,250,92,85,110,104,19,20,101.24,94.49
48,Tree - jenis belum teridentifikasi,773,1383,62,1422,106,40,45,1400.08,87.6
49,Tree - jenis belum teridentifikasi,1967,399,71,461,123,63,53,431.16,96.64
50,Tree - jenis belum teridentifikasi,610,488,79,511,109,24,31,500.23,94.83
51,Tree - jenis belum teridentifikasi,2117,1614,78,1663,136,50,59,1642.14,104.98
52,Tree - jenis belum teridentifikasi,80,1519,92,1532,102,14,11,1526.45,97.86
53,Tree - jenis belum teridentifikasi,822,460,80,487,119,28,40,473.28,99.88
54,Tree - jenis belum teridentifikasi,518,659,86,687,112,29,27,671.86,98.67
55,Tree - jenis belum teridentifikasi,253,1367,91,1383,109,17,19,1374.14,99.61
56,Tree - jenis belum teridentifikasi,350,1347,87,1366,110,20,24,1357.12,99.71
57,Tree - jenis belum teridentifikasi,508,31,82,64,113,34,32,48.16,101.58
58,Tree - jenis belum teridentifikasi,749,1240,94,1279,115,40,22,1260.48,103.78
59,Tree - jenis belum teridentifikasi,704,1483,78,1514,117,32,40,1496.42,99.03
60,Tree - jenis belum teridentifikasi,276,1599,91,1616,112,18,22,1607.11,102.18
61,Tree - jenis belum teridentifikasi,485,10,82,32,112,23,31,20.57,97.31
62,Tree - jenis belum teridentifikasi,1219,100,91,146,151,47,61,125.52,112.91
63,Tree - jenis belum teridentifikasi,428,1392,99,1424,124,33,26,1409.36,111.0
64,Tree - jenis belum teridentifikasi,913,734,92,778,126,45,35,754.3,109.29
65,Tree - jenis belum teridentifikasi,540,1531,83,1561,125,31,43,1544.68,104.46
66,Tree - jenis belum teridentifikasi,498,1456,101,1481,133,26,33,1468.97,113.79
67,Tree - jenis belum teridentifikasi,342,82,104,103,125,22,22,93.08,115.16
68,Tree - jenis belum teridentifikasi,791,1423,87,1453,133,31,47,1436.98,110.58
69,Tree - jenis belum teridentifikasi,159,1446,109,1458,127,13,19,1451.38,117.15
70,Tree - jenis belum teridentifikasi,518,633,105,665,130,33,26,648.56,117.23
71,Tree - jenis belum teridentifikasi,1005,1326,107,1380,136,55,30,1348.89,119.46
72,Tree - jenis belum teridentifikasi,1049,429,101,459,152,31,52,446.35,127.16
73,Tree - jenis belum teridentifikasi,1298,1565,84,1613,142,49,59,1591.76,116.86
74,Tree - jenis belum teridentifikasi,649,109,119,137,152,29,34,123.47,135.21
75,Tree - jenis belum teridentifikasi,352,1483,118,1513,133,31,16,1497.86,125.45
76,Tree - jenis belum teridentifikasi,518,458,118,479,148,22,31,468.02,133.28
77,Tree - jenis belum teridentifikasi,1566,690,110,747,159,58,50,718.19,134.05
78,Tree - jenis belum teridentifikasi,370,617,122,640,148,24,27,628.42,133.7
79,Tree - jenis belum teridentifikasi,345,1103,125,1129,146,27,22,1117.13,134.01
80,Tree - jenis belum teridentifikasi,112,1400,128,1411,144,12,17,1406.39,134.7
81,Tree - jenis belum teridentifikasi,99,1082,126,1091,139,10,14,1086.56,133.49
82,Tree - jenis belum teridentifikasi,1076,1606,120,1644,164,39,45,1626.51,140.9
83,Tree - jenis belum teridentifikasi,1095,1551,105,1584,163,34,59,1568.34,136.1
84,Tree - jenis belum teridentifikasi,558,66,124,93,157,28,34,78.49,140.19
85,Tree - jenis belum teridentifikasi,413,1344,128,1376,151,33,24,1360.44,139.91
86,Tree - jenis belum teridentifikasi,903,483,115,517,155,35,41,500.32,137.81
87,Tree - jenis belum teridentifikasi,413,1640,137,1663,161,24,25,1652.7,147.79
88,Tree - jenis belum teridentifikasi,1104,19,106,60,160,42,55,36.66,131.05
89,Tree - jenis belum teridentifikasi,309,600,134,621,155,22,22,611.26,144.3
90,Tree - jenis belum teridentifikasi,4220,1250,91,1339,181,90,91,1297.63,135.0
91,Tree - jenis belum teridentifikasi,676,1519,125,1551,158,33,34,1535.58,142.65
92,Tree - jenis belum teridentifikasi,1610,1465,130,1524,173,60,44,1494.34,151.02
93,Tree - jenis belum teridentifikasi,679,90,125,116,167,27,43,103.84,144.85
94,Tree - jenis belum teridentifikasi,287,1582,141,1605,159,24,19,1592.18,148.95
95,Tree - jenis belum teridentifikasi,137,1698,130,1707,155,10,26,1703.58,144.42
96,Tree - jenis belum teridentifikasi,1193,34,118,74,178,41,61,53.13,150.74
97,Tree - jenis belum teridentifikasi,1295,1427,127,1472,176,46,50,1451.7,151.43
98,Tree - jenis belum teridentifikasi,328,1367,141,1392,161,26,21,1379.82,152.83
99,Tree - jenis belum teridentifikasi,2034,0,88,32,187,33,100,11.12,141.19
100,Tree - jenis belum teridentifikasi,90,1152,151,1158,168,7,18,1154.23,158.41
101,Tree - jenis belum teridentifikasi,634,567,147,608,180,42,34,589.54,162.65
102,Tree - jenis belum teridentifikasi,600,76,146,103,182,28,37,86.8,163.08
103,Tree - jenis belum teridentifikasi,407,477,154,502,177,26,24,487.02,163.91
104,Tree - jenis belum teridentifikasi,647,1326,142,1351,188,26,47,1338.14,164.96
105,Tree - jenis belum teridentifikasi,223,1519,159,1537,173,19,15,1528.49,166.0
106,Tree - jenis belum teridentifikasi,35,117,165,123,171,7,7,120.8,167.89
107,Tree - jenis belum teridentifikasi,649,448,147,477,189,30,43,464.99,166.58
108,Tree - jenis belum teridentifikasi,591,1555,155,1583,195,29,41,1568.7,173.26
109,Tree - jenis belum teridentifikasi,558,1342,148,1374,185,33,38,1359.11,165.75
110,Tree - jenis belum teridentifikasi,1768,1381,129,1441,197,61,69,1416.11,164.89
111,Tree - jenis belum teridentifikasi,441,1463,163,1492,186,30,24,1480.0,175.43
112,Tree - jenis belum teridentifikasi,628,1592,155,1621,187,30,33,1605.61,169.41
113,Tree - jenis belum teridentifikasi,242,1646,157,1663,180,18,24,1655.85,169.85
114,Tree - jenis belum teridentifikasi,449,1623,162,1648,187,26,26,1635.78,175.0
115,Tree - jenis belum teridentifikasi,409,1487,165,1509,191,23,27,1498.34,178.78
116,Tree - jenis belum teridentifikasi,954,1370,161,1405,198,36,38,1390.07,179.47
117,Tree - jenis belum teridentifikasi,268,90,173,113,191,24,19,101.55,182.4
118,Tree - jenis belum teridentifikasi,408,1147,161,1168,195,22,35,1159.88,180.22
119,Tree - jenis belum teridentifikasi,740,8,162,43,199,36,38,27.6,183.28
120,Tree - jenis belum teridentifikasi,634,544,166,576,195,33,30,557.56,181.17
121,Tree - jenis belum teridentifikasi,802,43,170,80,204,38,35,61.18,185.13
122,Tree - jenis belum teridentifikasi,180,1582,180,1596,196,15,17,1589.57,189.06
123,Tree - jenis belum teridentifikasi,147,1648,183,1663,198,16,16,1657.31,191.34
124,Tree - jenis belum teridentifikasi,185,71,188,88,201,18,14,79.81,194.05
125,Tree - jenis belum teridentifikasi,908,1440,176,1492,208,53,33,1465.2,192.71
126,Tree - jenis belum teridentifikasi,220,1670,184,1686,200,17,17,1678.35,192.75
127,Tree - jenis belum teridentifikasi,749,1499,170,1525,212,27,43,1513.12,192.56
128,Tree - jenis belum teridentifikasi,176,1555,185,1572,200,18,16,1563.2,193.6
129,Tree - jenis belum teridentifikasi,34,1635,193,1642,200,8,8,1638.47,196.74
130,Tree - jenis belum teridentifikasi,343,642,185,664,207,23,23,652.7,196.14
131,Tree - jenis belum teridentifikasi,654,1351,185,1387,215,37,31,1369.62,199.28
132,Tree - jenis belum teridentifikasi,1459,1522,159,1563,227,42,69,1541.4,194.41
133,Tree - jenis belum teridentifikasi,380,1601,187,1630,211,30,25,1613.11,199.55
134,Tree - jenis belum teridentifikasi,872,514,192,559,218,46,27,538.44,204.77
135,Tree - jenis belum teridentifikasi,765,1419,186,1446,244,28,59,1433.33,214.72
136,Tree - jenis belum teridentifikasi,66,1659,199,1663,214,5,16,1661.35,206.0
137,Tree - jenis belum teridentifikasi,552,0,188,32,216,33,29,14.27,202.76
138,Tree - jenis belum teridentifikasi,50,92,204,99,214,8,11,94.74,208.36
139,Tree - jenis belum teridentifikasi,247,1107,199,1128,214,22,16,1118.66,207.42
140,Tree - jenis belum teridentifikasi,20,1178,203,1182,209,5,7,1180.5,206.1
141,Tree - jenis belum teridentifikasi,126,62,201,80,212,19,12,70.8,205.75
142,Tree - jenis belum teridentifikasi,161,1152,200,1163,217,12,18,1157.88,207.68
143,Tree - jenis belum teridentifikasi,558,1395,197,1418,233,24,37,1407.96,212.47
144,Tree - jenis belum teridentifikasi,325,1129,203,1154,222,26,20,1141.15,212.11
145,Tree - jenis belum teridentifikasi,106,1554,204,1566,216,13,13,1560.13,210.94
146,Tree - jenis belum teridentifikasi,285,1382,203,1401,225,20,23,1391.76,213.59
147,Tree - jenis belum teridentifikasi,230,1568,200,1584,223,17,24,1576.24,212.37
148,Tree - jenis belum teridentifikasi,624,1478,195,1504,235,27,41,1490.39,214.9
149,Tree - jenis belum teridentifikasi,213,1462,209,1477,226,16,18,1468.88,216.61
150,Tree - jenis belum teridentifikasi,527,24,198,50,226,27,29,38.55,213.75
151,Tree - jenis belum teridentifikasi,62,52,215,66,220,15,6,59.26,217.37
152,Tree - jenis belum teridentifikasi,63,72,212,79,223,8,12,75.14,218.16
153,Tree - jenis belum teridentifikasi,325,1589,211,1616,231,28,21,1605.21,219.61
154,Tree - jenis belum teridentifikasi,52,1630,216,1638,223,9,8,1633.75,220.15
155,Tree - jenis belum teridentifikasi,1128,1507,213,1552,253,46,41,1528.23,231.0
156,Tree - jenis belum teridentifikasi,133,1583,223,1594,239,12,17,1588.23,230.17
157,Tree - jenis belum teridentifikasi,248,1449,214,1462,238,14,25,1455.3,226.62
158,Tree - jenis belum teridentifikasi,41,64,228,69,235,6,8,66.29,231.27
159,Tree - jenis belum teridentifikasi,189,1359,222,1374,247,16,26,1366.02,234.26
160,Tree - jenis belum teridentifikasi,566,1136,223,1175,245,40,23,1157.96,232.57
161,Tree - jenis belum teridentifikasi,170,31,226,49,242,19,17,38.15,232.76
162,Tree - jenis belum teridentifikasi,1032,0,211,33,254,34,44,13.31,233.48
163,Tree - jenis belum teridentifikasi,159,1649,232,1663,245,15,14,1656.17,237.42
164,Tree - jenis belum teridentifikasi,168,1556,231,1578,242,23,12,1565.58,236.19
165,Tree - jenis belum teridentifikasi,69,85,234,96,242,12,9,90.54,238.25
166,Tree - jenis belum teridentifikasi,186,1403,234,1420,248,18,15,1411.11,241.37
167,Tree - jenis belum teridentifikasi,35,1674,240,1678,247,5,8,1676.03,243.4
168,Tree - jenis belum teridentifikasi,193,1420,235,1435,257,16,23,1427.53,245.05
169,Tree - jenis belum teridentifikasi,62,58,249,67,258,10,10,61.81,253.68
170,Tree - jenis belum teridentifikasi,1391,1443,227,1484,281,42,55,1464.03,255.22
171,Tree - jenis belum teridentifikasi,1885,1469,217,1524,291,56,75,1498.71,255.13
172,Tree - jenis belum teridentifikasi,60,139,252,146,263,8,12,142.15,257.18
173,Tree - jenis belum teridentifikasi,264,1640,246,1663,269,24,24,1654.35,259.88
174,Tree - jenis belum teridentifikasi,485,561,245,589,270,29,26,572.78,258.16
175,Tree - jenis belum teridentifikasi,73,1298,256,1308,264,11,9,1303.56,259.59
176,Tree - jenis belum teridentifikasi,378,13,247,35,277,23,31,24.22,260.58
177,Tree - jenis belum teridentifikasi,1340,1152,239,1201,273,50,35,1176.01,258.43
178,Tree - jenis belum teridentifikasi,410,1369,242,1391,276,23,35,1380.39,262.64
179,Tree - jenis belum teridentifikasi,49,1632,259,1637,270,6,12,1634.1,265.08
180,Tree - jenis belum teridentifikasi,61,84,263,91,274,8,12,87.89,267.72
181,Tree - jenis belum teridentifikasi,39,880,262,885,270,6,9,882.13,266.08
182,Tree - jenis belum teridentifikasi,724,1524,243,1559,276,36,34,1541.98,261.2
183,Tree - jenis belum teridentifikasi,88,112,263,121,275,10,13,116.55,269.34
184,Tree - jenis belum teridentifikasi,170,44,268,54,291,11,24,50.24,278.38
185,Tree - jenis belum teridentifikasi,544,1420,254,1450,283,31,30,1433.07,270.78
186,Tree - jenis belum teridentifikasi,200,0,264,16,286,17,23,7.39,274.96
187,Tree - jenis belum teridentifikasi,43,129,274,139,279,11,6,134.77,277.05
188,Tree - jenis belum teridentifikasi,1424,1152,273,1202,316,51,44,1175.39,289.84
189,Tree - jenis belum teridentifikasi,271,137,263,161,288,25,26,148.65,278.2
190,Tree - jenis belum teridentifikasi,527,1561,264,1592,302,32,39,1576.95,285.39
191,Tree - jenis belum teridentifikasi,474,1507,271,1534,303,28,33,1521.67,286.75
192,Tree - jenis belum teridentifikasi,208,1536,277,1556,292,21,16,1545.7,283.91
193,Tree - jenis belum teridentifikasi,385,1380,268,1406,293,27,26,1392.45,281.75
194,Tree - jenis belum teridentifikasi,260,1592,274,1618,293,27,20,1603.12,284.31
195,Tree - jenis belum teridentifikasi,32,858,284,863,292,6,9,861.06,287.47
196,Tree - jenis belum teridentifikasi,120,1408,283,1424,293,17,11,1416.24,288.43
197,Tree - jenis belum teridentifikasi,43,196,286,202,293,7,8,199.37,289.7
198,Tree - jenis belum teridentifikasi,72,93,287,104,294,12,8,99.18,290.64
199,Tree - jenis belum teridentifikasi,142,1273,282,1279,304,7,23,1276.26,293.95
200,Tree - jenis belum teridentifikasi,330,1335,276,1355,304,21,29,1344.23,289.99
201,Tree - jenis belum teridentifikasi,118,28,285,40,300,13,16,34.46,291.87
202,Tree - jenis belum teridentifikasi,159,1441,284,1455,299,15,16,1448.44,293.07
203,Tree - jenis belum teridentifikasi,130,108,291,120,308,13,18,113.2,298.07
204,Tree - jenis belum teridentifikasi,299,864,292,889,307,26,16,876.57,299.32
205,Tree - jenis belum teridentifikasi,51,1304,296,1311,303,8,8,1308.02,299.65
206,Tree - jenis belum teridentifikasi,311,1198,287,1222,313,25,27,1210.75,299.4
207,Tree - jenis belum teridentifikasi,217,1347,295,1362,316,16,22,1354.65,304.82
208,Tree - jenis belum teridentifikasi,172,1505,295,1524,311,20,17,1515.51,302.92
209,Tree - jenis belum teridentifikasi,417,1553,287,1588,315,36,29,1569.49,302.94
210,Tree - jenis belum teridentifikasi,189,849,299,864,314,16,16,856.58,307.2
211,Tree - jenis belum teridentifikasi,362,0,286,28,318,29,33,13.45,301.96
212,Tree - jenis belum teridentifikasi,669,1360,282,1391,320,32,39,1373.08,302.17
213,Tree - jenis belum teridentifikasi,111,29,301,43,314,15,14,36.43,307.5
214,Tree - jenis belum teridentifikasi,83,125,302,138,314,14,13,129.94,308.81
215,Tree - jenis belum teridentifikasi,24,153,306,158,310,6,5,155.62,308.12
216,Tree - jenis belum teridentifikasi,394,1307,295,1343,317,37,23,1325.19,307.93
217,Tree - jenis belum teridentifikasi,212,879,302,895,316,17,15,887.81,309.85
218,Tree - jenis belum teridentifikasi,738,1398,295,1422,352,25,58,1408.13,319.81
219,Tree - jenis belum teridentifikasi,180,93,305,110,321,18,17,101.46,313.13
220,Tree - jenis belum teridentifikasi,61,1289,311,1299,320,11,10,1294.1,315.52
221,Tree - jenis belum teridentifikasi,155,1193,310,1210,323,18,14,1201.25,316.98
222,Tree - jenis belum teridentifikasi,110,1267,308,1279,320,13,13,1273.82,315.35
223,Tree - jenis belum teridentifikasi,210,1536,300,1549,323,14,24,1541.94,312.24
224,Tree - jenis belum teridentifikasi,179,105,312,128,328,24,17,115.72,319.42
225,Tree - jenis belum teridentifikasi,370,8,309,34,336,27,28,19.13,322.08
226,Tree - jenis belum teridentifikasi,159,72,312,91,333,20,22,81.85,322.22
227,Tree - jenis belum teridentifikasi,125,1334,312,1348,326,15,15,1340.7,319.51
228,Tree - jenis belum teridentifikasi,210,1349,314,1367,329,19,16,1358.15,321.95
229,Tree - jenis belum teridentifikasi,300,127,320,156,339,30,20,142.68,328.9
230,Tree - jenis belum teridentifikasi,165,1258,319,1273,333,16,15,1266.26,326.7
231,Tree - jenis belum teridentifikasi,98,842,320,856,332,15,13,849.9,326.1
232,Tree - jenis belum teridentifikasi,132,31,323,47,334,17,12,38.86,328.98
233,Tree - jenis belum teridentifikasi,70,1209,326,1222,335,14,10,1215.49,330.7
234,Tree - jenis belum teridentifikasi,633,1372,312,1402,346,31,35,1388.67,328.98
235,Tree - jenis belum teridentifikasi,65,84,329,95,336,12,8,90.29,332.52
236,Tree - jenis belum teridentifikasi,1520,1152,306,1208,368,57,63,1181.0,336.83
237,Tree - jenis belum teridentifikasi,878,1540,319,1581,354,42,36,1562.6,335.83
238,Tree - jenis belum teridentifikasi,671,1573,321,1605,366,33,46,1589.5,342.01
239,Tree - jenis belum teridentifikasi,90,1295,324,1302,342,8,19,1298.42,334.03
240,Tree - jenis belum teridentifikasi,291,156,324,181,349,26,26,169.84,337.42
241,Tree - jenis belum teridentifikasi,469,109,327,129,368,21,42,119.07,344.3
242,Tree - jenis belum teridentifikasi,59,1220,339,1229,349,10,11,1225.42,343.41
243,Tree - jenis belum teridentifikasi,119,1359,337,1375,349,17,13,1366.58,343.17
244,Tree - jenis belum teridentifikasi,422,26,333,59,366,34,34,42.45,348.64
245,Tree - jenis belum teridentifikasi,76,582,342,593,350,12,9,587.38,346.72
246,Tree - jenis belum teridentifikasi,291,1263,335,1283,360,21,26,1272.7,346.76
247,Tree - jenis belum teridentifikasi,486,63,335,110,363,48,29,79.49,348.52
248,Tree - jenis belum teridentifikasi,516,129,340,164,366,36,27,145.21,353.85
249,Tree - jenis belum teridentifikasi,58,209,349,215,359,7,11,212.0,354.1
250,Tree - jenis belum teridentifikasi,568,6,334,31,371,26,38,17.06,352.36
251,Tree - jenis belum teridentifikasi,2015,838,317,895,366,58,50,872.43,344.51
252,Tree - jenis belum teridentifikasi,70,183,353,195,360,13,8,188.87,356.36
253,Tree - jenis belum teridentifikasi,641,1529,346,1571,371,43,26,1548.92,360.09
254,Tree - jenis belum teridentifikasi,437,43,348,69,374,27,27,55.78,362.26
255,Tree - jenis belum teridentifikasi,174,83,353,100,369,18,17,90.58,360.99
256,Tree - jenis belum teridentifikasi,36,915,358,923,363,9,6,918.94,360.78
257,Tree - jenis belum teridentifikasi,164,1196,346,1216,366,21,21,1207.67,357.87
258,Tree - jenis belum teridentifikasi,115,1363,358,1372,382,10,25,1366.9,368.75
259,Tree - jenis belum teridentifikasi,256,159,356,177,374,19,19,169.04,364.88
260,Tree - jenis belum teridentifikasi,144,1252,360,1270,373,19,14,1260.97,365.74
261,Tree - jenis belum teridentifikasi,60,988,365,997,373,10,9,991.85,368.88
262,Tree - jenis belum teridentifikasi,172,183,363,200,383,18,21,191.24,372.51
263,Tree - jenis belum teridentifikasi,684,1152,356,1180,394,29,39,1164.47,372.52
264,Tree - jenis belum teridentifikasi,160,1400,361,1415,379,16,19,1408.44,370.01
265,Tree - jenis belum teridentifikasi,978,852,359,892,400,41,42,869.01,377.76
266,Tree - jenis belum teridentifikasi,36,998,369,1007,374,10,6,1003.06,370.67
267,Tree - jenis belum teridentifikasi,63,1611,369,1618,386,8,18,1614.22,377.38
268,Tree - jenis belum teridentifikasi,49,1464,373,1469,382,6,10,1466.76,377.41
269,Tree - jenis belum teridentifikasi,32,225,373,231,379,7,7,227.22,376.59
270,Tree - jenis belum teridentifikasi,230,932,368,957,383,26,16,945.39,376.56
271,Tree - jenis belum teridentifikasi,228,1529,371,1545,389,17,19,1537.64,379.75
272,Tree - jenis belum teridentifikasi,133,1587,374,1600,386,14,13,1593.81,379.56
273,Tree - jenis belum teridentifikasi,242,55,373,74,397,20,25,63.75,385.0
274,Tree - jenis belum teridentifikasi,204,1564,370,1584,393,21,24,1573.84,380.7
275,Tree - jenis belum teridentifikasi,320,69,368,90,393,22,26,78.96,379.62
276,Tree - jenis belum teridentifikasi,51,1003,375,1014,384,12,10,1008.02,380.49
277,Tree - jenis belum teridentifikasi,198,31,373,47,391,17,19,39.05,382.61
278,Tree - jenis belum teridentifikasi,420,1171,368,1192,397,22,30,1183.08,384.05
279,Tree - jenis belum teridentifikasi,94,1284,378,1295,393,12,16,1289.35,384.54
280,Tree - jenis belum teridentifikasi,133,206,373,218,391,13,19,211.89,383.33
281,Tree - jenis belum teridentifikasi,483,7,368,34,400,28,33,19.05,383.13
282,Tree - jenis belum teridentifikasi,329,1409,366,1434,393,26,28,1421.14,381.89
283,Tree - jenis belum teridentifikasi,45,1308,384,1314,391,7,8,1311.11,387.56
284,Tree - jenis belum teridentifikasi,51,1341,385,1350,393,10,9,1345.76,388.96
285,Tree - jenis belum teridentifikasi,50,1376,379,1382,391,7,13,1378.52,386.2
286,Tree - jenis belum teridentifikasi,154,1252,384,1266,399,15,16,1259.41,390.94
287,Tree - jenis belum teridentifikasi,353,838,380,859,407,22,28,847.58,394.05
288,Tree - jenis belum teridentifikasi,62,184,392,196,399,13,8,191.29,396.29
289,Tree - jenis belum teridentifikasi,364,1435,381,1460,409,26,29,1447.41,394.23
290,Tree - jenis belum teridentifikasi,739,867,381,895,426,29,46,883.84,402.4
291,Tree - jenis belum teridentifikasi,169,913,397,930,408,18,12,921.3,402.72
292,Tree - jenis belum teridentifikasi,129,87,400,104,415,18,16,95.95,406.19
293,Tree - jenis belum teridentifikasi,179,1017,398,1031,418,15,21,1024.23,406.47
294,Tree - jenis belum teridentifikasi,37,1296,401,1302,411,7,11,1298.73,404.97
295,Tree - jenis belum teridentifikasi,36,53,402,61,406,9,5,56.75,403.86
296,Tree - jenis belum teridentifikasi,274,1159,393,1178,412,20,20,1169.36,402.73
297,Tree - jenis belum teridentifikasi,1077,1527,389,1579,419,53,31,1550.79,405.39
298,Tree - jenis belum teridentifikasi,39,216,404,224,410,9,7,220.26,406.41
299,Tree - jenis belum teridentifikasi,3857,752,366,834,454,83,89,794.83,406.74
300,Tree - jenis belum teridentifikasi,279,936,401,957,424,22,24,946.06,409.73
301,Tree - jenis belum teridentifikasi,199,958,399,974,418,17,20,966.63,407.93
302,Tree - jenis belum teridentifikasi,43,992,405,1002,410,11,6,996.81,407.35
303,Tree - jenis belum teridentifikasi,418,1056,399,1092,419,37,21,1072.2,408.52
304,Tree - jenis belum teridentifikasi,216,1610,400,1626,419,17,20,1618.58,410.05
305,Tree - jenis belum teridentifikasi,199,1087,404,1104,424,18,21,1096.27,411.52
306,Tree - jenis belum teridentifikasi,360,1240,396,1269,418,30,23,1255.09,407.48
307,Tree - jenis belum teridentifikasi,202,1579,402,1598,419,20,18,1587.09,411.29
308,Tree - jenis belum teridentifikasi,297,1102,402,1124,420,23,19,1113.58,410.7
309,Tree - jenis belum teridentifikasi,97,71,407,81,417,11,11,75.39,412.14
310,Tree - jenis belum teridentifikasi,120,166,401,177,419,12,19,171.72,411.09
311,Tree - jenis belum teridentifikasi,541,1502,400,1537,425,36,26,1518.48,413.91
312,Tree - jenis belum teridentifikasi,41,1370,410,1379,415,10,6,1375.22,412.83
313,Tree - jenis belum teridentifikasi,236,1142,401,1155,421,14,21,1148.81,410.97
314,Tree - jenis belum teridentifikasi,285,1406,395,1423,421,18,27,1414.16,410.58
315,Tree - jenis belum teridentifikasi,993,0,395,31,449,32,55,12.06,418.6
316,Tree - jenis belum teridentifikasi,450,891,401,920,427,30,27,905.96,413.64
317,Tree - jenis belum teridentifikasi,168,1155,412,1173,423,19,12,1163.15,417.26
318,Tree - jenis belum teridentifikasi,96,1039,406,1048,421,10,16,1043.29,414.73
319,Tree - jenis belum teridentifikasi,164,1123,410,1136,427,14,18,1130.12,417.87
320,Tree - jenis belum teridentifikasi,290,1435,407,1450,434,16,28,1441.53,419.91
321,Tree - jenis belum teridentifikasi,245,230,410,250,425,21,16,240.58,418.05
322,Tree - jenis belum teridentifikasi,76,1320,418,1326,434,7,17,1322.96,425.14
323,Tree - jenis belum teridentifikasi,217,1102,419,1126,432,25,14,1115.47,425.19
324,Tree - jenis belum teridentifikasi,756,1457,413,1500,439,44,27,1479.02,426.84
325,Tree - jenis belum teridentifikasi,1124,813,396,845,444,33,49,830.64,421.91
326,Tree - jenis belum teridentifikasi,79,1595,422,1606,430,12,9,1600.0,425.72
327,Tree - jenis belum teridentifikasi,417,185,419,217,439,33,21,199.54,427.37
328,Tree - jenis belum teridentifikasi,101,144,424,158,433,15,10,151.98,428.41
329,Tree - jenis belum teridentifikasi,153,251,424,267,435,17,12,259.33,429.29
330,Tree - jenis belum teridentifikasi,806,846,399,872,444,27,46,858.59,421.09
331,Tree - jenis belum teridentifikasi,378,19,415,38,447,20,33,29.45,432.92
332,Tree - jenis belum teridentifikasi,40,133,427,140,436,8,10,136.05,431.7
333,Tree - jenis belum teridentifikasi,260,39,422,55,443,17,22,46.41,432.5
334,Tree - jenis belum teridentifikasi,361,90,424,120,444,31,21,102.46,434.84
335,Tree - jenis belum teridentifikasi,654,1184,423,1225,455,42,33,1205.54,435.28
336,Tree - jenis belum teridentifikasi,245,1385,419,1408,440,24,22,1398.68,429.41
337,Tree - jenis belum teridentifikasi,522,1257,406,1283,447,27,42,1271.09,428.52
338,Tree - jenis belum teridentifikasi,76,332,434,340,447,9,14,336.45,440.5
339,Tree - jenis belum teridentifikasi,1197,204,424,255,460,52,37,230.8,442.12
340,Tree - jenis belum teridentifikasi,568,875,414,903,457,29,44,889.84,438.32
341,Tree - jenis belum teridentifikasi,85,1303,433,1313,446,11,14,1308.31,438.54
342,Tree - jenis belum teridentifikasi,113,1094,435,1103,450,10,16,1098.17,441.49
343,Tree - jenis belum teridentifikasi,132,1159,428,1167,446,9,19,1163.45,436.89
344,Tree - jenis belum teridentifikasi,297,1464,435,1484,455,21,21,1474.49,443.93
345,Tree - jenis belum teridentifikasi,30,1616,437,1621,445,6,9,1618.17,441.0
346,Tree - jenis belum teridentifikasi,128,1366,436,1378,448,13,13,1372.06,442.63
347,Tree - jenis belum teridentifikasi,86,1327,440,1338,449,12,10,1332.06,444.14
348,Tree - jenis belum teridentifikasi,166,256,439,272,456,17,18,264.37,446.46
349,Tree - jenis belum teridentifikasi,370,729,430,753,451,25,22,742.02,442.52
350,Tree - jenis belum teridentifikasi,378,753,438,772,463,20,26,762.27,449.92
351,Tree - jenis belum teridentifikasi,445,771,434,793,467,23,34,781.73,448.63
352,Tree - jenis belum teridentifikasi,33,1176,444,1183,450,8,7,1179.3,446.97
353,Tree - jenis belum teridentifikasi,553,154,432,181,457,28,26,166.88,445.09
354,Tree - jenis belum teridentifikasi,22,308,446,313,451,6,6,310.32,448.86
355,Tree - jenis belum teridentifikasi,1855,32,418,97,477,66,60,68.1,450.93
356,Tree - jenis belum teridentifikasi,183,822,444,839,460,18,17,830.07,451.67
357,Tree - jenis belum teridentifikasi,151,839,443,855,460,17,18,845.3,452.17
358,Tree - jenis belum teridentifikasi,636,855,436,880,485,26,50,868.27,458.21
359,Tree - jenis belum teridentifikasi,99,1430,448,1440,460,11,13,1435.14,453.46
360,Tree - jenis belum teridentifikasi,86,1196,450,1208,460,13,11,1201.02,454.84
361,Tree - jenis belum teridentifikasi,373,1394,442,1420,467,27,26,1406.25,453.43
362,Tree - jenis belum teridentifikasi,243,10,440,24,465,15,26,17.26,453.78
363,Tree - jenis belum teridentifikasi,361,97,445,113,475,17,31,105.93,459.57
364,Tree - jenis belum teridentifikasi,631,1439,436,1470,474,32,39,1454.87,456.33
365,Tree - jenis belum teridentifikasi,319,728,452,751,467,24,16,738.48,459.68
366,Tree - jenis belum teridentifikasi,448,875,451,903,476,29,26,887.9,463.7
367,Tree - jenis belum teridentifikasi,43,1000,456,1006,464,7,9,1003.05,459.42
368,Tree - jenis belum teridentifikasi,338,1281,456,1308,483,28,28,1294.72,468.55
369,Tree - jenis belum teridentifikasi,291,218,455,243,475,26,21,229.88,463.1
370,Tree - jenis belum teridentifikasi,32,336,457,340,466,5,10,337.47,461.31
371,Tree - jenis belum teridentifikasi,161,1265,450,1280,477,16,28,1272.57,463.86
372,Tree - jenis belum teridentifikasi,821,114,446,142,486,29,41,127.14,464.62
373,Tree - jenis belum teridentifikasi,559,797,444,826,483,30,40,813.14,461.83
374,Tree - jenis belum teridentifikasi,456,235,451,261,481,27,31,248.23,466.52
375,Tree - jenis belum teridentifikasi,321,1407,448,1431,473,25,26,1419.99,462.07
376,Tree - jenis belum teridentifikasi,487,1339,451,1364,480,26,30,1352.86,465.57
377,Tree - jenis belum teridentifikasi,2205,1453,434,1512,497,60,64,1488.8,468.57
378,Tree - jenis belum teridentifikasi,2898,1510,419,1567,496,58,78,1532.78,455.94
379,Tree - jenis belum teridentifikasi,75,1620,465,1629,475,10,11,1624.71,469.68
380,Tree - jenis belum teridentifikasi,1540,126,451,176,502,51,52,152.8,477.29
381,Tree - jenis belum teridentifikasi,36,1572,472,1578,479,7,8,1574.86,475.28
382,Tree - jenis belum teridentifikasi,128,281,468,294,482,14,15,287.84,475.22
383,Tree - jenis belum teridentifikasi,1245,1306,449,1351,493,46,45,1327.39,473.14
384,Tree - jenis belum teridentifikasi,459,836,461,859,495,24,35,845.46,478.61
385,Tree - jenis belum teridentifikasi,1894,1349,431,1400,499,52,69,1378.22,468.99
386,Tree - jenis belum teridentifikasi,128,1212,471,1223,487,12,17,1218.39,480.48
387,Tree - jenis belum teridentifikasi,1679,58,459,105,512,48,54,79.72,486.71
388,Tree - jenis belum teridentifikasi,2031,172,439,222,497,51,59,195.29,472.54
389,Tree - jenis belum teridentifikasi,485,1398,469,1423,491,26,23,1409.01,481.06
390,Tree - jenis belum teridentifikasi,564,0,465,33,493,34,29,13.5,479.63
391,Tree - jenis belum teridentifikasi,177,743,476,762,490,20,15,751.8,483.09
392,Tree - jenis belum teridentifikasi,38,1203,485,1210,490,8,6,1206.08,487.79
393,Tree - jenis belum teridentifikasi,783,868,474,917,497,50,24,888.37,485.74
394,Tree - jenis belum teridentifikasi,114,1160,483,1172,497,13,15,1165.6,490.33
395,Tree - jenis belum teridentifikasi,822,1536,474,1572,518,37,45,1554.76,493.27
396,Tree - jenis belum teridentifikasi,121,1572,483,1586,495,15,13,1578.88,490.09
397,Tree - jenis belum teridentifikasi,272,104,486,136,514,33,29,119.62,499.11
398,Tree - jenis belum teridentifikasi,58,821,489,831,496,11,8,825.76,492.72
399,Tree - jenis belum teridentifikasi,75,937,490,946,502,10,13,941.48,495.41
400,Tree - jenis belum teridentifikasi,867,218,479,256,511,39,33,239.24,494.53
401,Tree - jenis belum teridentifikasi,307,1262,484,1279,506,18,23,1271.03,494.12
402,Tree - jenis belum teridentifikasi,118,768,487,782,501,15,15,774.25,495.25
403,Tree - jenis belum teridentifikasi,1258,255,467,295,520,41,54,273.74,495.88
404,Tree - jenis belum teridentifikasi,28,967,496,973,501,7,6,970.18,498.14
405,Tree - jenis belum teridentifikasi,36,986,495,991,503,6,9,988.36,499.03
406,Tree - jenis belum teridentifikasi,153,1633,489,1646,507,14,19,1638.4,498.41
407,Tree - jenis belum teridentifikasi,1347,15,477,61,521,47,45,40.22,497.52
408,Tree - jenis belum teridentifikasi,72,1197,496,1213,502,17,7,1204.28,498.67
409,Tree - jenis belum teridentifikasi,1800,291,483,351,529,61,47,317.1,502.34
410,Tree - jenis belum teridentifikasi,419,349,495,379,514,31,20,365.51,504.41
411,Tree - jenis belum teridentifikasi,532,868,498,895,522,28,25,883.92,508.45
412,Tree - jenis belum teridentifikasi,298,1486,496,1510,518,25,23,1497.22,506.84
413,Tree - jenis belum teridentifikasi,200,0,495,17,512,18,18,9.27,504.61
414,Tree - jenis belum teridentifikasi,197,155,497,169,514,15,18,162.8,505.56
415,Tree - jenis belum teridentifikasi,489,206,499,240,527,35,29,222.38,511.87
416,Tree - jenis belum teridentifikasi,217,88,500,104,520,17,21,95.71,508.56
417,Tree - jenis belum teridentifikasi,145,819,502,841,511,23,10,829.78,507.92
418,Tree - jenis belum teridentifikasi,746,1512,494,1549,524,38,31,1530.61,508.57
419,Tree - jenis belum teridentifikasi,994,170,498,213,528,44,31,189.06,511.85
420,Tree - jenis belum teridentifikasi,97,1337,506,1352,521,16,16,1343.54,511.94
421,Tree - jenis belum teridentifikasi,276,737,502,755,522,19,21,745.49,512.09
422,Tree - jenis belum teridentifikasi,32,1310,509,1315,515,6,7,1312.19,511.94
423,Tree - jenis belum teridentifikasi,5286,653,454,748,558,96,105,698.32,508.72
424,Tree - jenis belum teridentifikasi,80,1355,509,1365,522,11,14,1360.04,515.94
425,Tree - jenis belum teridentifikasi,84,763,513,772,522,10,10,767.63,517.86
426,Tree - jenis belum teridentifikasi,155,1264,511,1279,523,16,13,1272.31,517.13
427,Tree - jenis belum teridentifikasi,136,40,514,56,526,17,13,47.62,519.96
428,Tree - jenis belum teridentifikasi,232,1561,512,1584,528,24,17,1572.06,520.03
429,Tree - jenis belum teridentifikasi,220,252,518,276,535,25,18,265.82,526.83
430,Tree - jenis belum teridentifikasi,319,323,515,343,535,21,21,333.22,524.5
431,Tree - jenis belum teridentifikasi,1393,1152,512,1210,553,59,42,1179.73,527.66
432,Tree - jenis belum teridentifikasi,382,767,507,794,536,28,30,783.42,524.82
433,Tree - jenis belum teridentifikasi,280,69,517,95,541,27,25,79.19,527.16
434,Tree - jenis belum teridentifikasi,619,103,504,140,540,38,37,117.94,523.18
435,Tree - jenis belum teridentifikasi,239,1268,524,1279,548,12,25,1274.48,534.47
436,Tree - jenis belum teridentifikasi,261,1493,516,1516,534,24,19,1506.55,524.59
437,Tree - jenis belum teridentifikasi,213,208,522,227,537,20,16,216.58,529.1
438,Tree - jenis belum teridentifikasi,103,1324,522,1337,534,14,13,1331.26,528.79
439,Tree - jenis belum teridentifikasi,88,1353,528,1363,545,11,18,1358.93,535.66
440,Tree - jenis belum teridentifikasi,69,349,527,357,536,9,10,353.07,531.52
441,Tree - jenis belum teridentifikasi,131,1516,526,1531,536,16,11,1523.15,530.67
442,Tree - jenis belum teridentifikasi,1027,136,508,191,550,56,43,163.64,530.37
443,Tree - jenis belum teridentifikasi,303,190,526,210,545,21,20,200.25,535.79
444,Tree - jenis belum teridentifikasi,948,279,525,324,567,46,43,302.12,543.15
445,Tree - jenis belum teridentifikasi,715,1528,523,1564,555,37,33,1547.92,538.89
446,Tree - jenis belum teridentifikasi,56,28,533,36,546,9,14,32.75,538.71
447,Tree - jenis belum teridentifikasi,29,999,536,1004,542,6,7,1001.72,538.9
448,Tree - jenis belum teridentifikasi,172,1245,532,1256,556,12,25,1250.84,542.38
449,Tree - jenis belum teridentifikasi,72,1314,531,1321,544,8,14,1317.35,537.82
450,Tree - jenis belum teridentifikasi,286,722,532,741,556,20,25,728.65,543.74
451,Tree - jenis belum teridentifikasi,144,861,532,883,546,23,15,872.81,540.23
452,Tree - jenis belum teridentifikasi,174,740,528,766,546,27,19,752.76,537.57
453,Tree - jenis belum teridentifikasi,87,768,539,775,551,8,13,771.05,544.84
454,Tree - jenis belum teridentifikasi,423,223,529,266,549,44,21,246.35,538.12
455,Tree - jenis belum teridentifikasi,179,318,539,338,553,21,15,327.1,544.75
456,Tree - jenis belum teridentifikasi,39,1016,543,1021,550,6,8,1018.46,546.59
457,Tree - jenis belum teridentifikasi,128,1496,533,1504,553,9,21,1499.33,543.15
458,Tree - jenis belum teridentifikasi,362,267,542,293,567,27,26,279.72,553.83
459,Tree - jenis belum teridentifikasi,419,221,539,245,564,25,26,231.26,551.88
460,Tree - jenis belum teridentifikasi,543,196,538,221,570,26,33,210.39,554.18
461,Tree - jenis belum teridentifikasi,135,773,550,789,562,17,13,781.4,554.67
462,Tree - jenis belum teridentifikasi,85,1607,553,1618,561,12,9,1612.39,557.0
463,Tree - jenis belum teridentifikasi,275,727,553,751,574,25,22,741.36,562.26
464,Tree - jenis belum teridentifikasi,135,1270,549,1279,566,10,18,1275.42,557.52
465,Tree - jenis belum teridentifikasi,479,334,539,361,571,28,33,346.65,553.76
466,Tree - jenis belum teridentifikasi,60,1289,558,1303,563,15,6,1295.53,560.75
467,Tree - jenis belum teridentifikasi,1440,80,522,119,585,40,64,99.4,553.58
468,Tree - jenis belum teridentifikasi,11284,384,504,511,640,128,137,454.76,565.9
469,Tree - jenis belum teridentifikasi,451,1536,551,1561,576,26,26,1546.38,562.76
470,Tree - jenis belum teridentifikasi,468,239,548,267,577,29,30,252.82,564.22
471,Tree - jenis belum teridentifikasi,1756,111,532,152,590,42,59,130.98,565.09
472,Tree - jenis belum teridentifikasi,673,0,541,48,583,49,43,25.86,566.1
473,Tree - jenis belum teridentifikasi,2091,149,548,206,601,58,54,171.51,573.78
474,Tree - jenis belum teridentifikasi,386,863,547,889,576,27,30,876.04,563.61
475,Tree - jenis belum teridentifikasi,162,1607,562,1622,577,16,16,1614.89,569.18
476,Tree - jenis belum teridentifikasi,127,883,565,895,575,13,11,889.37,570.33
477,Tree - jenis belum teridentifikasi,187,945,564,963,578,19,15,954.03,571.31
478,Tree - jenis belum teridentifikasi,164,310,557,333,576,24,20,320.29,568.56
479,Tree - jenis belum teridentifikasi,114,324,566,336,578,13,13,330.31,571.8
480,Tree - jenis belum teridentifikasi,264,34,561,49,583,16,23,41.43,572.68
481,Tree - jenis belum teridentifikasi,1508,47,532,89,589,43,58,67.39,565.45
482,Tree - jenis belum teridentifikasi,42,1517,572,1527,580,11,9,1521.67,575.81
483,Tree - jenis belum teridentifikasi,393,222,564,243,593,22,30,229.94,577.55
484,Tree - jenis belum teridentifikasi,41,1315,573,1320,583,6,11,1317.44,577.93
485,Tree - jenis belum teridentifikasi,98,1428,573,1438,586,11,14,1433.83,578.62
486,Tree - jenis belum teridentifikasi,24,767,577,771,582,5,6,769.12,579.5
487,Tree - jenis belum teridentifikasi,154,713,575,724,592,12,18,718.58,582.24
488,Tree - jenis belum teridentifikasi,32,1330,577,1335,583,6,7,1332.41,580.28
489,Tree - jenis belum teridentifikasi,297,343,575,373,589,31,15,356.49,581.89
490,Tree - jenis belum teridentifikasi,85,1351,574,1361,587,11,14,1356.94,581.52
491,Tree - jenis belum teridentifikasi,507,1536,569,1567,602,32,34,1547.62,583.54
492,Tree - jenis belum teridentifikasi,59,1095,583,1103,590,9,8,1098.64,586.34
493,Tree - jenis belum teridentifikasi,736,188,571,226,607,39,37,208.23,590.96
494,Tree - jenis belum teridentifikasi,103,1614,578,1625,594,12,17,1620.39,586.48
495,Tree - jenis belum teridentifikasi,86,6,585,18,597,13,13,11.79,590.69
496,Tree - jenis belum teridentifikasi,798,30,582,77,615,48,34,56.81,595.56
497,Tree - jenis belum teridentifikasi,355,298,579,322,602,25,24,312.51,589.52
498,Tree - jenis belum teridentifikasi,98,1569,587,1583,596,15,10,1576.08,590.93
499,Tree - jenis belum teridentifikasi,247,1369,584,1387,602,19,19,1378.69,593.35
500,Tree - jenis belum teridentifikasi,469,322,574,349,599,28,26,334.81,589.18
501,Tree - jenis belum teridentifikasi,32,995,590,1002,595,8,6,998.12,592.56
502,Tree - jenis belum teridentifikasi,118,721,588,735,601,15,14,726.92,595.12
503,Tree - jenis belum teridentifikasi,41,837,592,844,599,8,8,840.05,595.29
504,Tree - jenis belum teridentifikasi,121,1406,585,1423,599,18,15,1415.03,593.45
505,Tree - jenis belum teridentifikasi,306,1545,589,1570,608,26,20,1557.15,598.76
506,Tree - jenis belum teridentifikasi,624,77,581,108,615,32,35,91.09,596.7
507,Tree - jenis belum teridentifikasi,197,106,590,124,604,19,15,115.47,596.53
508,Tree - jenis belum teridentifikasi,317,350,587,377,604,28,18,365.71,595.58
509,Tree - jenis belum teridentifikasi,33,1448,598,1456,604,9,7,1451.91,601.03
510,Tree - jenis belum teridentifikasi,460,870,578,895,605,26,28,883.57,593.79
511,Tree - jenis belum teridentifikasi,508,10,596,47,625,38,30,29.85,608.44
512,Tree - jenis belum teridentifikasi,707,377,584,407,625,31,42,392.06,603.31
513,Tree - jenis belum teridentifikasi,47,296,600,304,609,9,10,299.06,604.26
514,Tree - jenis belum teridentifikasi,565,322,600,347,634,26,35,334.19,613.81
515,Tree - jenis belum teridentifikasi,96,763,593,773,609,11,17,768.5,601.85
516,Tree - jenis belum teridentifikasi,231,412,597,431,616,20,20,421.99,605.79
517,Tree - jenis belum teridentifikasi,284,94,601,116,617,23,17,104.7,608.82
518,Tree - jenis belum teridentifikasi,158,1600,604,1617,618,18,15,1607.87,611.11
519,Tree - jenis belum teridentifikasi,767,865,606,895,653,31,48,885.81,623.53
520,Tree - jenis belum teridentifikasi,486,1337,597,1361,621,25,25,1348.41,610.43
521,Tree - jenis belum teridentifikasi,85,901,605,910,619,10,15,906.05,611.55
522,Tree - jenis belum teridentifikasi,143,187,605,203,617,17,13,194.01,611.41
523,Tree - jenis belum teridentifikasi,264,1533,603,1551,625,19,23,1541.85,613.99
524,Tree - jenis belum teridentifikasi,485,357,599,380,632,24,34,367.32,615.46
525,Tree - jenis belum teridentifikasi,113,59,611,73,623,15,13,67.42,617.8
526,Tree - jenis belum teridentifikasi,1854,115,595,187,636,73,42,148.49,614.55
527,Tree - jenis belum teridentifikasi,197,299,612,322,626,24,15,309.11,618.61
528,Tree - jenis belum teridentifikasi,171,238,613,255,630,18,18,246.25,622.54
529,Tree - jenis belum teridentifikasi,230,39,617,58,641,20,25,46.39,626.6
530,Tree - jenis belum teridentifikasi,557,1405,596,1443,636,39,41,1427.64,617.64
531,Tree - jenis belum teridentifikasi,254,342,616,359,639,18,24,351.06,625.56
532,Tree - jenis belum teridentifikasi,422,405,609,430,640,26,32,417.92,625.73
533,Tree - jenis belum teridentifikasi,193,1582,613,1594,635,13,23,1587.83,625.09
534,Tree - jenis belum teridentifikasi,43,1408,625,1415,634,8,10,1412.0,629.33
535,Tree - jenis belum teridentifikasi,515,1454,608,1480,642,27,35,1468.55,627.34
536,Tree - jenis belum teridentifikasi,227,11,626,36,640,26,15,24.63,632.51
537,Tree - jenis belum teridentifikasi,842,101,615,136,655,36,41,117.66,633.26
538,Tree - jenis belum teridentifikasi,1254,1334,604,1391,652,58,49,1365.0,628.54
539,Tree - jenis belum teridentifikasi,221,266,628,287,650,22,23,276.71,635.98
540,Tree - jenis belum teridentifikasi,199,1483,623,1496,647,14,25,1490.64,636.23
541,Tree - jenis belum teridentifikasi,1138,174,618,233,654,60,37,200.03,635.32
542,Tree - jenis belum teridentifikasi,57,793,633,804,638,12,6,798.4,635.51
543,Tree - jenis belum teridentifikasi,242,1563,626,1582,644,20,19,1571.99,634.84
544,Tree - jenis belum teridentifikasi,1203,62,621,105,664,44,44,86.53,641.79
545,Tree - jenis belum teridentifikasi,177,352,627,366,644,15,18,359.04,635.72
546,Tree - jenis belum teridentifikasi,1176,1536,606,1581,660,46,55,1554.27,632.17
547,Tree - jenis belum teridentifikasi,347,749,621,774,648,26,28,760.37,635.75
548,Tree - jenis belum teridentifikasi,145,1431,637,1446,650,16,14,1437.37,643.87
549,Tree - jenis belum teridentifikasi,213,1378,634,1396,657,19,24,1387.07,645.64
550,Tree - jenis belum teridentifikasi,171,233,640,246,660,14,21,239.9,649.22
551,Tree - jenis belum teridentifikasi,53,793,646,800,654,8,9,796.64,650.62
552,Tree - jenis belum teridentifikasi,1794,144,630,205,679,62,50,171.82,654.98
553,Tree - jenis belum teridentifikasi,43,1419,648,1425,655,7,8,1421.93,651.16
554,Tree - jenis belum teridentifikasi,91,1612,647,1621,659,10,13,1616.96,653.32
555,Tree - jenis belum teridentifikasi,138,10,639,22,658,13,20,16.02,649.28
556,Tree - jenis belum teridentifikasi,63,1505,650,1515,659,11,10,1509.56,654.14
557,Tree - jenis belum teridentifikasi,473,753,639,780,668,28,30,767.24,654.62
558,Tree - jenis belum teridentifikasi,1132,359,626,400,673,42,48,380.64,652.89
559,Tree - jenis belum teridentifikasi,109,408,654,415,669,8,16,411.35,661.43
560,Tree - jenis belum teridentifikasi,92,964,654,981,661,18,8,972.67,658.12
561,Tree - jenis belum teridentifikasi,274,1464,646,1486,666,23,21,1474.06,655.74
562,Tree - jenis belum teridentifikasi,346,205,649,230,678,26,30,217.67,662.34
563,Tree - jenis belum teridentifikasi,704,1337,637,1377,680,41,44,1357.07,660.88
564,Tree - jenis belum teridentifikasi,111,10,660,23,675,14,16,17.86,667.02
565,Tree - jenis belum teridentifikasi,75,249,663,261,674,13,12,254.39,668.45
566,Tree - jenis belum teridentifikasi,123,439,662,449,679,11,18,443.33,671.19
567,Tree - jenis belum teridentifikasi,39,1493,665,1501,670,9,6,1497.15,667.62
568,Tree - jenis belum teridentifikasi,318,1544,659,1564,680,21,22,1552.76,668.62
569,Tree - jenis belum teridentifikasi,2489,319,640,376,716,58,77,345.11,677.56
570,Tree - jenis belum teridentifikasi,339,1376,661,1404,687,29,27,1390.16,673.31
571,Tree - jenis belum teridentifikasi,804,117,643,157,679,41,37,139.98,662.09
572,Tree - jenis belum teridentifikasi,113,1412,666,1423,678,12,13,1417.23,671.96
573,Tree - jenis belum teridentifikasi,181,902,669,923,685,22,17,914.55,676.04
574,Tree - jenis belum teridentifikasi,712,768,656,792,698,25,43,781.57,677.14
575,Tree - jenis belum teridentifikasi,183,198,668,216,682,19,15,207.07,674.6
576,Tree - jenis belum teridentifikasi,35,816,672,820,680,5,9,817.91,676.2
577,Tree - jenis belum teridentifikasi,37,1456,672,1463,679,8,8,1458.65,676.46
578,Tree - jenis belum teridentifikasi,117,413,668,426,686,14,19,419.06,679.36
579,Tree - jenis belum teridentifikasi,462,382,671,407,692,26,22,394.14,681.42
580,Tree - jenis belum teridentifikasi,413,0,655,18,696,19,42,5.92,677.24
581,Tree - jenis belum teridentifikasi,1724,94,657,148,723,55,67,115.46,684.78
582,Tree - jenis belum teridentifikasi,141,234,672,248,688,15,17,241.11,679.73
583,Tree - jenis belum teridentifikasi,88,901,676,909,690,9,15,905.24,683.18
584,Tree - jenis belum teridentifikasi,443,163,674,193,696,31,23,178.22,684.18
585,Tree - jenis belum teridentifikasi,261,206,679,230,694,25,16,217.95,686.79
586,Tree - jenis belum teridentifikasi,319,140,679,160,699,21,21,149.56,688.42
587,Tree - jenis belum teridentifikasi,182,1357,680,1371,698,15,19,1364.43,688.35
588,Tree - jenis belum teridentifikasi,44,440,686,448,694,9,9,443.18,690.73
589,Tree - jenis belum teridentifikasi,97,921,679,931,697,11,19,925.74,688.55
590,Tree - jenis belum teridentifikasi,124,1380,683,1394,697,15,15,1386.99,690.45
591,Tree - jenis belum teridentifikasi,86,1436,688,1445,697,10,10,1440.81,692.65
592,Tree - jenis belum teridentifikasi,236,819,677,842,698,24,22,830.97,688.42
593,Tree - jenis belum teridentifikasi,219,1541,680,1557,701,17,22,1548.63,691.21
594,Tree - jenis belum teridentifikasi,50,473,694,483,702,11,9,477.12,697.56
595,Tree - jenis belum teridentifikasi,39,947,693,951,702,5,10,949.49,697.59
596,Tree - jenis belum teridentifikasi,135,1371,690,1385,704,15,15,1377.23,697.61
597,Tree - jenis belum teridentifikasi,64,1463,692,1471,706,9,15,1468.0,699.08
598,Tree - jenis belum teridentifikasi,193,280,691,298,708,19,18,288.75,699.14
599,Tree - jenis belum teridentifikasi,191,230,689,249,704,20,16,238.68,698.21
600,Tree - jenis belum teridentifikasi,87,255,697,267,707,13,11,260.32,701.01
601,Tree - jenis belum teridentifikasi,472,296,673,327,713,32,41,313.83,695.24
602,Tree - jenis belum teridentifikasi,195,1407,688,1419,712,13,25,1412.07,700.73
603,Tree - jenis belum teridentifikasi,920,365,691,411,721,47,31,389.42,705.2
604,Tree - jenis belum teridentifikasi,69,23,698,30,710,8,13,27.14,704.33
605,Tree - jenis belum teridentifikasi,73,215,700,223,711,9,12,218.55,706.52
606,Tree - jenis belum teridentifikasi,1304,151,680,212,720,62,41,181.32,704.11
607,Tree - jenis belum teridentifikasi,120,223,707,242,719,20,13,232.79,712.82
608,Tree - jenis belum teridentifikasi,329,407,693,435,720,29,28,422.18,707.39
609,Tree - jenis belum teridentifikasi,74,985,705,993,717,9,13,988.65,711.07
610,Tree - jenis belum teridentifikasi,102,1386,709,1397,726,12,18,1391.91,717.48
611,Tree - jenis belum teridentifikasi,1294,109,700,156,750,48,51,132.71,721.14
612,Tree - jenis belum teridentifikasi,231,1445,711,1459,734,15,24,1450.78,721.42
613,Tree - jenis belum teridentifikasi,304,305,711,328,762,24,52,315.16,730.14
614,Tree - jenis belum teridentifikasi,140,433,712,446,728,14,17,439.92,720.9
615,Tree - jenis belum teridentifikasi,234,287,714,307,733,21,20,296.88,723.64
616,Tree - jenis belum teridentifikasi,351,343,706,365,736,23,31,351.93,719.1
617,Tree - jenis belum teridentifikasi,153,957,716,973,735,17,20,964.82,723.42
618,Tree - jenis belum teridentifikasi,568,178,715,218,737,41,23,196.14,725.06
619,Tree - jenis belum teridentifikasi,119,61,720,74,731,14,12,67.78,725.2
620,Tree - jenis belum teridentifikasi,52,488,721,493,737,6,17,491.15,729.31
621,Tree - jenis belum teridentifikasi,114,1415,712,1427,731,13,20,1420.97,722.12
622,Tree - jenis belum teridentifikasi,530,150,718,184,743,35,26,167.31,730.03
623,Tree - jenis belum teridentifikasi,67,245,728,258,738,14,11,250.12,732.24
624,Tree - jenis belum teridentifikasi,498,320,717,345,749,26,33,332.87,732.63
625,Tree - jenis belum teridentifikasi,100,96,722,116,735,21,14,104.82,729.72
626,Tree - jenis belum teridentifikasi,129,36,726,48,738,13,13,42.36,731.71
627,Tree - jenis belum teridentifikasi,31,977,730,982,735,6,6,979.65,732.58
628,Tree - jenis belum teridentifikasi,144,902,726,915,742,14,17,907.58,733.94
629,Tree - jenis belum teridentifikasi,6878,818,673,896,789,79,117,862.95,733.47
630,Tree - jenis belum teridentifikasi,1184,376,719,429,757,54,39,402.64,735.44
631,Tree - jenis belum teridentifikasi,1265,903,703,955,760,53,58,931.19,733.57
632,Tree - jenis belum teridentifikasi,159,296,728,308,745,13,18,302.83,737.25
633,Tree - jenis belum teridentifikasi,588,256,716,290,751,35,36,274.09,735.91
634,Tree - jenis belum teridentifikasi,441,416,726,454,755,39,30,434.81,739.1
635,Tree - jenis belum teridentifikasi,675,188,723,242,753,55,31,215.72,741.22
636,Tree - jenis belum teridentifikasi,65,466,742,474,751,9,10,470.02,745.94
637,Tree - jenis belum teridentifikasi,497,134,735,172,758,39,24,155.7,744.97
638,Tree - jenis belum teridentifikasi,34,17,745,24,750,8,6,20.38,747.0
639,Tree - jenis belum teridentifikasi,50,451,740,459,751,9,12,455.48,746.54
640,Tree - jenis belum teridentifikasi,142,287,745,298,760,12,16,292.18,752.11
641,Tree - jenis belum teridentifikasi,646,1647,737,1675,779,29,43,1658.31,756.23
642,Tree - jenis belum teridentifikasi,296,917,747,936,777,20,31,923.38,761.63
643,Tree - jenis belum teridentifikasi,23,48,751,53,756,6,6,50.78,753.61
644,Tree - jenis belum teridentifikasi,282,970,742,999,760,30,19,981.9,751.27
645,Tree - jenis belum teridentifikasi,28,1529,749,1534,756,6,8,1531.29,752.86
646,Tree - jenis belum teridentifikasi,34,1604,751,1611,757,8,7,1607.35,754.03
647,Tree - jenis belum teridentifikasi,453,327,745,357,770,31,26,343.09,757.04
648,Tree - jenis belum teridentifikasi,66,1628,754,1639,761,12,8,1633.0,757.24
649,Tree - jenis belum teridentifikasi,1856,353,725,418,779,66,55,383.96,759.6
650,Tree - jenis belum teridentifikasi,227,416,755,443,768,28,14,427.8,761.89
651,Tree - jenis belum teridentifikasi,960,222,746,267,786,46,41,244.17,765.47
652,Tree - jenis belum teridentifikasi,138,480,758,492,774,13,17,485.74,765.39
653,Tree - jenis belum teridentifikasi,1015,170,750,222,784,53,35,198.96,764.96
654,Tree - jenis belum teridentifikasi,45,1600,763,1609,771,10,9,1603.87,767.13
655,Tree - jenis belum teridentifikasi,130,437,763,455,772,19,10,445.11,766.68
656,Tree - jenis belum teridentifikasi,52,1568,762,1575,771,8,10,1572.37,767.33
657,Tree - jenis belum teridentifikasi,66,1480,768,1499,772,20,5,1488.53,769.32
658,Tree - jenis belum teridentifikasi,299,1668,762,1686,785,19,24,1678.12,773.56
659,Tree - jenis belum teridentifikasi,626,981,763,1011,801,31,39,996.68,778.81
660,Tree - jenis belum teridentifikasi,50,81,781,88,788,8,8,83.8,784.66
661,Tree - jenis belum teridentifikasi,604,334,764,362,799,29,36,348.61,782.62
662,Tree - jenis belum teridentifikasi,548,176,768,202,814,27,47,190.43,788.8
663,Tree - jenis belum teridentifikasi,56,1560,784,1571,790,12,7,1565.0,787.11
664,Tree - jenis belum teridentifikasi,25,1546,786,1551,791,6,6,1548.64,788.52
665,Tree - jenis belum teridentifikasi,607,1440,781,1472,813,33,33,1458.91,795.47
666,Tree - jenis belum teridentifikasi,542,1507,782,1541,809,35,28,1521.23,793.81
667,Tree - jenis belum teridentifikasi,63,1576,787,1584,796,9,10,1580.19,791.98
668,Tree - jenis belum teridentifikasi,2077,856,789,913,855,58,67,884.12,815.39
669,Tree - jenis belum teridentifikasi,736,1472,779,1509,808,38,30,1489.88,794.0
670,Tree - jenis belum teridentifikasi,730,296,769,336,806,41,38,317.75,789.91
671,Tree - jenis belum teridentifikasi,959,383,780,411,828,29,49,393.83,799.49
672,Tree - jenis belum teridentifikasi,1113,929,768,980,812,52,45,954.05,788.8
673,Tree - jenis belum teridentifikasi,180,270,787,287,802,18,16,278.47,794.46
674,Tree - jenis belum teridentifikasi,1137,355,778,384,830,30,53,370.84,802.21
675,Tree - jenis belum teridentifikasi,55,15,793,22,802,8,10,18.38,797.51
676,Tree - jenis belum teridentifikasi,379,1659,783,1679,813,21,31,1668.99,797.98
677,Tree - jenis belum teridentifikasi,283,478,792,504,817,27,26,489.96,802.71
678,Tree - jenis belum teridentifikasi,305,1583,782,1608,810,26,29,1597.23,795.29
679,Tree - jenis belum teridentifikasi,589,906,779,936,816,31,38,922.32,798.26
680,Tree - jenis belum teridentifikasi,338,1640,784,1661,813,22,30,1650.71,798.06
681,Tree - jenis belum teridentifikasi,632,962,790,993,823,32,34,978.37,803.99
682,Tree - jenis belum teridentifikasi,2585,399,776,467,842,69,67,430.58,806.97
683,Tree - jenis belum teridentifikasi,244,1682,787,1694,814,13,28,1688.32,801.85
684,Tree - jenis belum teridentifikasi,217,169,801,191,817,23,17,179.97,809.01
685,Tree - jenis belum teridentifikasi,174,69,803,84,818,16,16,76.87,810.87
686,Tree - jenis belum teridentifikasi,65,996,805,1009,815,14,11,1002.85,809.68
687,Tree - jenis belum teridentifikasi,1138,1008,787,1052,830,45,44,1032.3,808.99
688,Tree - jenis belum teridentifikasi,105,15,804,28,816,14,13,22.44,809.81
689,Tree - jenis belum teridentifikasi,77,332,805,343,815,12,11,338.27,811.06
690,Tree - jenis belum teridentifikasi,835,91,787,128,824,38,38,108.35,807.23
691,Tree - jenis belum teridentifikasi,398,504,809,539,831,36,23,523.62,821.14
692,Tree - jenis belum teridentifikasi,37,1408,817,1415,823,8,7,1411.41,819.41
693,Tree - jenis belum teridentifikasi,126,1621,811,1633,827,13,17,1626.87,818.8
694,Tree - jenis belum teridentifikasi,173,84,809,96,826,13,18,89.17,817.78
695,Tree - jenis belum teridentifikasi,276,992,816,1018,835,27,20,1002.62,826.67
696,Tree - jenis belum teridentifikasi,105,17,824,33,832,17,9,24.66,827.51
697,Tree - jenis belum teridentifikasi,365,114,816,140,837,27,22,127.67,826.72
698,Tree - jenis belum teridentifikasi,858,153,809,203,851,51,43,174.72,829.91
699,Tree - jenis belum teridentifikasi,219,952,822,976,838,25,17,963.47,828.66
700,Tree - jenis belum teridentifikasi,1466,437,806,487,858,51,53,462.65,833.42
701,Tree - jenis belum teridentifikasi,138,1641,828,1655,841,15,14,1647.72,835.06
702,Tree - jenis belum teridentifikasi,270,51,820,79,846,29,27,63.98,834.17
703,Tree - jenis belum teridentifikasi,359,533,824,553,853,21,30,543.79,839.58
704,Tree - jenis belum teridentifikasi,564,384,823,423,849,40,27,403.7,837.41
705,Tree - jenis belum teridentifikasi,203,1022,831,1036,852,15,22,1027.71,840.31
706,Tree - jenis belum teridentifikasi,163,945,836,960,853,16,18,954.25,845.21
707,Tree - jenis belum teridentifikasi,571,12,827,48,862,37,36,32.16,844.45
708,Tree - jenis belum teridentifikasi,656,1661,824,1693,859,33,36,1675.9,843.37
709,Tree - jenis belum teridentifikasi,63,84,845,90,857,7,13,86.63,850.86
710,Tree - jenis belum teridentifikasi,680,962,836,997,861,36,26,979.23,848.45
711,Tree - jenis belum teridentifikasi,149,273,837,291,854,19,18,281.83,845.61
712,Tree - jenis belum teridentifikasi,188,493,836,506,856,14,21,499.54,847.22
713,Tree - jenis belum teridentifikasi,570,127,827,154,862,28,36,140.61,846.15
714,Tree - jenis belum teridentifikasi,187,343,836,363,856,21,21,353.25,846.28
715,Tree - jenis belum teridentifikasi,251,517,839,538,859,22,21,528.17,848.54
716,Tree - jenis belum teridentifikasi,423,1615,839,1643,870,29,32,1628.14,853.9
717,Tree - jenis belum teridentifikasi,122,381,843,394,858,14,16,387.03,850.96
718,Tree - jenis belum teridentifikasi,160,1429,848,1446,859,18,12,1437.24,853.23
719,Tree - jenis belum teridentifikasi,1737,218,805,259,877,42,73,237.87,847.93
720,Tree - jenis belum teridentifikasi,441,400,848,438,872,39,25,418.91,858.14
721,Tree - jenis belum teridentifikasi,762,992,838,1029,876,38,39,1008.31,858.19
722,Tree - jenis belum teridentifikasi,1169,179,823,219,875,41,53,201.96,850.04
723,Tree - jenis belum teridentifikasi,1227,96,831,137,878,42,48,114.44,855.13
724,Tree - jenis belum teridentifikasi,1067,897,830,936,874,40,45,915.85,851.38
725,Tree - jenis belum teridentifikasi,55,1511,858,1521,864,11,7,1515.6,861.35
726,Tree - jenis belum teridentifikasi,298,1645,852,1664,878,20,27,1653.58,863.2
727,Tree - jenis belum teridentifikasi,242,560,854,574,876,15,23,566.18,864.6
728,Tree - jenis belum teridentifikasi,679,247,843,281,875,35,33,264.78,859.08
729,Tree - jenis belum teridentifikasi,86,1039,858,1054,869,16,12,1045.27,862.86
730,Tree - jenis belum teridentifikasi,227,20,860,42,874,23,15,32.04,867.93
731,Tree - jenis belum teridentifikasi,257,175,860,194,878,20,19,185.4,869.04
732,Tree - jenis belum teridentifikasi,71,1603,864,1614,873,12,10,1607.62,868.66
733,Tree - jenis belum teridentifikasi,227,143,851,167,875,25,25,157.24,865.91
734,Tree - jenis belum teridentifikasi,977,447,836,492,884,46,49,471.35,863.01
735,Tree - jenis belum teridentifikasi,144,320,864,336,877,17,14,328.04,870.97
736,Tree - jenis belum teridentifikasi,313,420,865,448,890,29,26,434.1,873.52
737,Tree - jenis belum teridentifikasi,880,911,859,938,913,28,55,923.42,884.23
738,Tree - jenis belum teridentifikasi,463,935,859,956,888,22,30,946.59,873.86
739,Tree - jenis belum teridentifikasi,106,1054,861,1064,878,11,18,1058.95,871.02
740,Tree - jenis belum teridentifikasi,360,1482,866,1510,895,29,30,1498.72,879.8
741,Tree - jenis belum teridentifikasi,315,1022,867,1039,899,18,33,1028.5,880.27
742,Tree - jenis belum teridentifikasi,1471,943,862,1004,895,62,34,977.11,880.88
743,Tree - jenis belum teridentifikasi,1783,1393,842,1456,895,64,54,1424.48,875.6
744,Tree - jenis belum teridentifikasi,2040,488,853,561,899,74,47,524.53,875.62
745,Tree - jenis belum teridentifikasi,466,392,861,420,892,29,32,402.83,877.59
746,Tree - jenis belum teridentifikasi,692,1454,864,1482,905,29,42,1468.14,883.72
747,Tree - jenis belum teridentifikasi,697,1280,866,1313,895,34,30,1293.93,883.92
748,Tree - jenis belum teridentifikasi,39,1637,881,1643,888,7,8,1640.41,885.13
749,Tree - jenis belum teridentifikasi,553,559,866,590,895,32,30,575.17,884.37
750,Tree - jenis belum teridentifikasi,1175,1251,872,1280,922,30,51,1267.78,896.32
751,Tree - jenis belum teridentifikasi,335,1005,875,1023,896,19,22,1013.46,885.87
752,Tree - jenis belum teridentifikasi,229,1134,880,1149,895,16,16,1141.07,887.9
753,Tree - jenis belum teridentifikasi,194,466,883,487,895,22,13,476.43,889.01
754,Tree - jenis belum teridentifikasi,162,1389,883,1401,898,13,16,1394.83,890.2
755,Tree - jenis belum teridentifikasi,268,1475,883,1497,902,23,20,1487.27,892.79
756,Tree - jenis belum teridentifikasi,53,1404,903,1416,909,13,7,1409.92,905.66
757,Tree - jenis belum teridentifikasi,146,959,897,972,913,14,17,965.29,905.72
758,Tree - jenis belum teridentifikasi,359,971,898,993,922,23,25,981.57,910.36
759,Tree - jenis belum teridentifikasi,76,1455,907,1467,918,13,12,1461.16,912.95
760,Tree - jenis belum teridentifikasi,29,602,913,607,920,6,8,604.93,917.07
761,Tree - jenis belum teridentifikasi,60,537,914,542,925,6,12,539.48,920.02
762,Tree - jenis belum teridentifikasi,35,1479,917,1487,922,9,6,1483.49,919.6
763,Tree - jenis belum teridentifikasi,161,932,912,948,927,17,16,939.02,920.62
764,Tree - jenis belum teridentifikasi,417,952,914,975,944,24,31,962.6,929.1
765,Tree - jenis belum teridentifikasi,804,418,896,445,952,28,57,430.25,927.72
766,Tree - jenis belum teridentifikasi,165,457,921,472,934,16,14,463.7,927.11
767,Tree - jenis belum teridentifikasi,34,105,929,110,936,6,8,107.68,931.91
768,Tree - jenis belum teridentifikasi,65,1227,927,1238,935,12,9,1231.92,930.83
769,Tree - jenis belum teridentifikasi,490,474,927,496,957,23,31,486.28,942.07
770,Tree - jenis belum teridentifikasi,254,497,927,515,946,19,20,505.45,936.34
771,Tree - jenis belum teridentifikasi,478,977,926,1003,954,27,29,988.25,939.74
772,Tree - jenis belum teridentifikasi,83,628,937,639,950,12,14,634.53,942.54
773,Tree - jenis belum teridentifikasi,64,1485,942,1496,950,12,9,1490.77,946.05
774,Tree - jenis belum teridentifikasi,83,1214,943,1226,951,13,9,1219.69,946.66
775,Tree - jenis belum teridentifikasi,168,1161,932,1174,957,14,26,1167.84,945.76
776,Tree - jenis belum teridentifikasi,2090,384,906,423,977,40,72,400.53,943.38
777,Tree - jenis belum teridentifikasi,36,186,951,193,957,8,7,189.86,954.61
778,Tree - jenis belum teridentifikasi,64,1044,951,1050,963,7,13,1047.11,956.98
779,Tree - jenis belum teridentifikasi,64,68,953,78,959,11,7,73.31,955.88
780,Tree - jenis belum teridentifikasi,588,436,948,470,972,35,25,453.36,959.42
781,Tree - jenis belum teridentifikasi,39,715,953,721,962,7,10,717.85,957.46
782,Tree - jenis belum teridentifikasi,64,519,952,527,962,9,11,523.23,957.23
783,Tree - jenis belum teridentifikasi,188,603,944,623,962,21,19,613.35,954.62
784,Tree - jenis belum teridentifikasi,558,955,950,980,980,26,31,968.32,964.75
785,Tree - jenis belum teridentifikasi,227,931,947,955,972,25,26,945.22,960.79
786,Tree - jenis belum teridentifikasi,155,1399,956,1409,982,11,27,1404.1,967.35
787,Tree - jenis belum teridentifikasi,710,468,957,505,990,38,34,483.26,970.56
788,Tree - jenis belum teridentifikasi,48,1016,965,1023,973,8,9,1020.0,968.62
789,Tree - jenis belum teridentifikasi,23,584,968,588,973,5,6,585.78,970.13
790,Tree - jenis belum teridentifikasi,98,640,964,648,977,9,14,643.74,970.16
791,Tree - jenis belum teridentifikasi,47,1209,968,1218,974,10,7,1213.77,971.21
792,Tree - jenis belum teridentifikasi,785,979,945,1013,990,35,46,994.95,969.54
793,Tree - jenis belum teridentifikasi,898,407,951,436,997,30,47,422.97,973.27
794,Tree - jenis belum teridentifikasi,431,439,971,462,992,24,22,450.82,981.13
795,Tree - jenis belum teridentifikasi,112,944,986,953,998,10,13,948.66,992.39
796,Tree - jenis belum teridentifikasi,1086,384,978,421,1012,38,35,400.65,995.31
797,Tree - jenis belum teridentifikasi,212,583,987,601,1004,19,18,592.74,995.29
798,Tree - jenis belum teridentifikasi,367,959,981,985,1006,27,26,972.09,994.05
799,Tree - jenis belum teridentifikasi,179,1119,995,1136,1009,18,15,1128.45,1003.04
800,Tree - jenis belum teridentifikasi,339,560,981,585,1011,26,31,573.16,997.12
801,Tree - jenis belum teridentifikasi,241,1156,993,1176,1011,21,19,1166.4,1002.46
802,Tree - jenis belum teridentifikasi,1352,420,986,474,1020,55,35,444.85,1005.65
803,Tree - jenis belum teridentifikasi,320,520,1003,548,1020,29,18,536.03,1011.82
804,Tree - jenis belum teridentifikasi,314,1131,997,1157,1018,27,22,1144.56,1009.08
805,Tree - jenis belum teridentifikasi,88,588,1010,599,1020,12,11,594.01,1015.66
806,Tree - jenis belum teridentifikasi,262,399,1011,419,1028,21,18,408.84,1018.37
807,Tree - jenis belum teridentifikasi,458,384,1010,404,1043,21,34,391.5,1023.62
808,Tree - jenis belum teridentifikasi,387,545,1007,568,1032,24,26,558.84,1020.63
809,Tree - jenis belum teridentifikasi,93,605,1017,617,1028,13,12,611.59,1023.46
810,Tree - jenis belum teridentifikasi,363,468,1011,492,1035,25,25,479.67,1023.52
811,Tree - jenis belum teridentifikasi,1203,391,1021,446,1051,56,31,420.12,1036.63
812,Tree - jenis belum teridentifikasi,78,582,1026,597,1036,16,11,590.81,1031.29
813,Tree - jenis belum teridentifikasi,50,297,1032,306,1041,10,10,302.36,1035.4
814,Tree - jenis belum teridentifikasi,793,519,1018,560,1050,42,33,536.98,1033.92
815,Tree - jenis belum teridentifikasi,34,1478,1040,1484,1046,7,7,1480.85,1042.79
816,Tree - jenis belum teridentifikasi,624,1536,1029,1566,1066,31,38,1549.35,1047.83
817,Tree - jenis belum teridentifikasi,1366,439,1019,485,1070,47,52,458.92,1043.41
818,Tree - jenis belum teridentifikasi,69,574,1043,584,1054,11,12,579.01,1047.75
819,Tree - jenis belum teridentifikasi,869,523,1044,570,1071,48,28,547.15,1056.72
820,Tree - jenis belum teridentifikasi,163,510,1047,524,1066,15,20,516.82,1054.51
821,Tree - jenis belum teridentifikasi,57,588,1060,596,1071,9,12,591.93,1064.88
822,Tree - jenis belum teridentifikasi,716,406,1050,429,1098,24,49,417.63,1071.0
823,Tree - jenis belum teridentifikasi,95,1030,1059,1042,1071,13,13,1035.56,1065.69
824,Tree - jenis belum teridentifikasi,942,384,1044,409,1087,26,44,396.13,1067.4
825,Tree - jenis belum teridentifikasi,556,430,1052,456,1081,27,30,440.52,1067.78
826,Tree - jenis belum teridentifikasi,428,531,1063,556,1087,26,25,542.97,1074.94
827,Tree - jenis belum teridentifikasi,45,805,1072,812,1080,8,9,808.91,1075.44
828,Tree - jenis belum teridentifikasi,116,520,1070,531,1084,12,15,525.66,1076.57
829,Tree - jenis belum teridentifikasi,136,425,1081,440,1094,16,14,433.43,1087.16
830,Tree - jenis belum teridentifikasi,94,1562,1082,1574,1091,13,10,1568.24,1086.61
831,Tree - jenis belum teridentifikasi,93,813,1085,824,1095,12,11,819.03,1089.9
832,Tree - jenis belum teridentifikasi,49,445,1087,453,1094,9,8,449.14,1090.71
833,Tree - jenis belum teridentifikasi,127,1035,1085,1049,1098,15,14,1041.58,1090.67
834,Tree - jenis belum teridentifikasi,294,497,1080,529,1102,33,23,516.5,1091.31
835,Tree - jenis belum teridentifikasi,59,785,1092,793,1101,9,10,789.46,1096.39
836,Tree - jenis belum teridentifikasi,63,1506,1093,1521,1102,16,10,1513.48,1097.21
837,Tree - jenis belum teridentifikasi,231,384,1088,399,1107,16,20,390.57,1096.4
838,Tree - jenis belum teridentifikasi,239,471,1083,494,1104,24,22,480.9,1095.79
839,Tree - jenis belum teridentifikasi,53,588,1096,595,1106,8,11,591.26,1101.26
840,Tree - jenis belum teridentifikasi,240,416,1096,437,1118,22,23,425.42,1106.38
841,Tree - jenis belum teridentifikasi,835,1536,1068,1560,1121,25,54,1546.16,1098.46
842,Tree - jenis belum teridentifikasi,92,1568,1096,1577,1110,10,15,1572.45,1102.79
843,Tree - jenis belum teridentifikasi,51,825,1102,832,1109,8,8,828.35,1105.57
844,Tree - jenis belum teridentifikasi,238,517,1099,548,1118,32,20,530.61,1106.55
845,Tree - jenis belum teridentifikasi,57,396,1104,408,1111,13,8,402.86,1107.25
846,Tree - jenis belum teridentifikasi,51,1593,1103,1598,1114,6,12,1595.9,1108.65
847,Tree - jenis belum teridentifikasi,100,469,1106,482,1118,14,13,475.27,1111.99
848,Tree - jenis belum teridentifikasi,220,487,1101,501,1126,15,26,494.06,1112.95
849,Tree - jenis belum teridentifikasi,192,1515,1108,1532,1126,18,19,1522.65,1116.65
850,Tree - jenis belum teridentifikasi,42,1602,1116,1609,1122,8,7,1605.81,1119.1
851,Tree - jenis belum teridentifikasi,407,537,1107,564,1132,28,26,549.46,1118.09
852,Tree - jenis belum teridentifikasi,158,609,1111,628,1127,20,17,619.72,1120.07
853,Tree - jenis belum teridentifikasi,152,783,1113,793,1129,11,17,787.54,1121.47
854,Tree - jenis belum teridentifikasi,90,408,1117,418,1129,11,13,412.8,1123.6
855,Tree - jenis belum teridentifikasi,137,438,1118,463,1130,26,13,451.99,1123.07
856,Tree - jenis belum teridentifikasi,65,637,1121,645,1132,9,12,641.77,1126.42
857,Tree - jenis belum teridentifikasi,453,1367,1122,1395,1143,29,22,1381.0,1131.55
858,Tree - jenis belum teridentifikasi,182,1533,1120,1554,1137,22,18,1543.33,1130.89
859,Tree - jenis belum teridentifikasi,169,481,1126,508,1139,28,14,495.33,1132.78
860,Tree - jenis belum teridentifikasi,37,1459,1135,1467,1140,9,6,1463.08,1137.41
861,Tree - jenis belum teridentifikasi,76,1046,1134,1055,1144,10,11,1050.34,1139.43
862,Tree - jenis belum teridentifikasi,54,651,1136,662,1142,12,7,656.76,1138.76
863,Tree - jenis belum teridentifikasi,63,768,1136,780,1143,13,8,774.76,1138.63
864,Tree - jenis belum teridentifikasi,47,530,1138,537,1146,8,9,533.28,1142.09
865,Tree - jenis belum teridentifikasi,156,448,1137,465,1149,18,13,455.98,1142.49
866,Tree - jenis belum teridentifikasi,39,468,1140,477,1146,10,7,472.0,1143.08
867,Tree - jenis belum teridentifikasi,202,1536,1135,1555,1149,20,15,1543.46,1142.45
868,Tree - jenis belum teridentifikasi,83,480,1144,494,1151,15,8,487.16,1148.19
869,Tree - jenis belum teridentifikasi,149,713,1142,728,1156,16,15,720.12,1148.42
870,Tree - jenis belum teridentifikasi,61,1560,1142,1567,1151,8,10,1563.48,1146.98
871,Tree - jenis belum teridentifikasi,51,428,1144,435,1151,8,8,430.96,1148.06
872,Tree - jenis belum teridentifikasi,35,544,1147,552,1151,9,5,548.03,1149.31
873,Tree - jenis belum teridentifikasi,466,625,1142,661,1163,37,22,644.1,1152.15
874,Tree - jenis belum teridentifikasi,129,553,1144,569,1155,17,12,562.42,1149.8
875,Tree - jenis belum teridentifikasi,43,263,1151,270,1157,8,7,266.91,1153.98
876,Tree - jenis belum teridentifikasi,25,865,1152,870,1156,6,5,867.68,1153.64
877,Tree - jenis belum teridentifikasi,66,689,1152,702,1158,14,7,696.05,1155.06
878,Tree - jenis belum teridentifikasi,257,1535,1148,1559,1166,25,19,1546.18,1155.44
879,Tree - jenis belum teridentifikasi,153,1475,1152,1493,1161,19,10,1484.54,1155.71
880,Tree - jenis belum teridentifikasi,195,396,1146,419,1166,24,21,405.09,1154.91
881,Tree - jenis belum teridentifikasi,985,1366,1143,1407,1175,42,33,1386.71,1159.33
882,Tree - jenis belum teridentifikasi,575,1502,1152,1541,1174,40,23,1523.72,1161.22
883,Tree - jenis belum teridentifikasi,1018,1040,1147,1077,1190,38,44,1056.24,1168.81
884,Tree - jenis belum teridentifikasi,103,1492,1160,1504,1170,13,11,1498.54,1164.35
885,Tree - jenis belum teridentifikasi,107,871,1162,879,1177,9,16,875.08,1170.11
886,Tree - jenis belum teridentifikasi,24,554,1166,559,1171,6,6,557.04,1168.75
887,Tree - jenis belum teridentifikasi,127,813,1165,825,1181,13,17,819.87,1172.3
888,Tree - jenis belum teridentifikasi,36,512,1169,518,1175,7,7,514.94,1171.44
889,Tree - jenis belum teridentifikasi,108,799,1165,812,1177,14,13,804.17,1170.89
890,Tree - jenis belum teridentifikasi,77,262,1167,270,1177,9,11,266.03,1171.69
891,Tree - jenis belum teridentifikasi,132,625,1165,639,1180,15,16,631.67,1172.39
892,Tree - jenis belum teridentifikasi,78,1109,1167,1118,1177,10,11,1113.77,1172.06
893,Tree - jenis belum teridentifikasi,145,639,1171,656,1186,18,16,646.68,1178.07
894,Tree - jenis belum teridentifikasi,177,657,1174,684,1182,28,9,671.23,1178.46
895,Tree - jenis belum teridentifikasi,68,1505,1175,1514,1182,10,8,1509.41,1178.57
896,Tree - jenis belum teridentifikasi,43,446,1177,453,1183,8,7,449.67,1180.4
897,Tree - jenis belum teridentifikasi,66,874,1176,885,1184,12,9,880.15,1180.12
898,Tree - jenis belum teridentifikasi,122,415,1177,426,1188,12,12,420.19,1182.55
899,Tree - jenis belum teridentifikasi,45,749,1180,761,1186,13,7,755.4,1182.71
900,Tree - jenis belum teridentifikasi,109,288,1179,299,1191,12,13,293.88,1185.71
901,Tree - jenis belum teridentifikasi,1104,768,1167,801,1213,34,47,784.16,1189.45
902,Tree - jenis belum teridentifikasi,693,0,1162,36,1205,37,44,17.24,1186.98
903,Tree - jenis belum teridentifikasi,103,448,1188,458,1199,11,12,453.24,1192.74
904,Tree - jenis belum teridentifikasi,113,1536,1183,1545,1198,10,16,1540.37,1191.39
905,Tree - jenis belum teridentifikasi,40,517,1192,524,1198,8,7,520.42,1194.38
906,Tree - jenis belum teridentifikasi,43,720,1190,727,1197,8,8,723.53,1193.56
907,Tree - jenis belum teridentifikasi,125,1567,1186,1580,1199,14,14,1573.28,1192.53
908,Tree - jenis belum teridentifikasi,170,564,1183,581,1200,18,18,572.52,1193.53
909,Tree - jenis belum teridentifikasi,147,841,1184,853,1204,13,21,847.0,1195.24
910,Tree - jenis belum teridentifikasi,315,1050,1191,1067,1211,18,21,1058.5,1200.54
911,Tree - jenis belum teridentifikasi,48,384,1192,389,1202,6,11,385.88,1196.81
912,Tree - jenis belum teridentifikasi,256,538,1185,560,1212,23,28,550.71,1198.43
913,Tree - jenis belum teridentifikasi,61,188,1197,197,1207,10,11,191.38,1200.84
914,Tree - jenis belum teridentifikasi,119,232,1197,247,1206,16,10,240.32,1201.61
915,Tree - jenis belum teridentifikasi,1119,802,1178,842,1219,41,42,820.38,1198.24
916,Tree - jenis belum teridentifikasi,344,81,1194,103,1211,23,18,92.08,1202.2
917,Tree - jenis belum teridentifikasi,697,101,1195,138,1219,38,25,119.71,1206.77
918,Tree - jenis belum teridentifikasi,776,134,1195,180,1223,47,29,159.35,1207.3
919,Tree - jenis belum teridentifikasi,50,752,1200,758,1208,7,9,754.76,1204.18
920,Tree - jenis belum teridentifikasi,95,206,1201,216,1212,11,12,210.69,1206.03
921,Tree - jenis belum teridentifikasi,87,220,1201,230,1214,11,14,226.17,1206.66
922,Tree - jenis belum teridentifikasi,658,39,1194,81,1224,43,31,63.43,1205.29
923,Tree - jenis belum teridentifikasi,1878,1173,1179,1228,1228,56,50,1202.83,1204.03
924,Tree - jenis belum teridentifikasi,118,710,1202,723,1217,14,16,717.38,1210.23
925,Tree - jenis belum teridentifikasi,197,277,1204,302,1221,26,18,291.16,1211.75
926,Tree - jenis belum teridentifikasi,155,529,1206,546,1216,18,11,537.14,1211.14
927,Tree - jenis belum teridentifikasi,234,1514,1203,1529,1222,16,20,1521.51,1211.58
928,Tree - jenis belum teridentifikasi,255,495,1204,517,1225,23,22,506.27,1215.23
929,Tree - jenis belum teridentifikasi,141,633,1205,646,1218,14,14,639.05,1211.38
930,Tree - jenis belum teridentifikasi,114,1536,1208,1550,1220,15,13,1542.6,1214.01
931,Tree - jenis belum teridentifikasi,110,322,1204,335,1221,14,18,328.6,1212.91
932,Tree - jenis belum teridentifikasi,105,366,1208,375,1222,10,15,371.07,1215.79
933,Tree - jenis belum teridentifikasi,407,427,1199,464,1222,38,24,443.46,1212.87
934,Tree - jenis belum teridentifikasi,87,1393,1208,1401,1222,9,15,1396.22,1214.77
935,Tree - jenis belum teridentifikasi,256,241,1208,263,1236,23,29,253.39,1222.59
936,Tree - jenis belum teridentifikasi,422,464,1198,495,1224,32,27,478.92,1212.52
937,Tree - jenis belum teridentifikasi,266,0,1206,26,1225,27,20,10.56,1214.82
938,Tree - jenis belum teridentifikasi,193,734,1209,748,1224,15,16,740.79,1216.58
939,Tree - jenis belum teridentifikasi,36,665,1216,670,1222,6,7,667.83,1218.75
940,Tree - jenis belum teridentifikasi,469,33,1205,60,1233,28,29,46.2,1217.22
941,Tree - jenis belum teridentifikasi,110,850,1212,859,1227,10,16,854.49,1219.42
942,Tree - jenis belum teridentifikasi,154,389,1216,399,1238,11,23,393.98,1225.42
943,Tree - jenis belum teridentifikasi,240,137,1209,155,1232,19,24,145.59,1221.23
944,Tree - jenis belum teridentifikasi,144,680,1217,694,1233,15,17,685.35,1224.86
945,Tree - jenis belum teridentifikasi,144,445,1219,463,1233,19,15,453.5,1226.74
946,Tree - jenis belum teridentifikasi,525,66,1214,91,1241,26,28,77.11,1227.0
947,Tree - jenis belum teridentifikasi,693,81,1219,115,1260,35,42,97.47,1238.51
948,Tree - jenis belum teridentifikasi,102,331,1222,344,1234,14,13,337.14,1229.01
949,Tree - jenis belum teridentifikasi,370,768,1220,795,1240,28,21,782.55,1231.4
950,Tree - jenis belum teridentifikasi,378,187,1216,211,1241,25,26,200.53,1229.39
951,Tree - jenis belum teridentifikasi,58,470,1227,479,1236,10,10,475.19,1232.55
952,Tree - jenis belum teridentifikasi,581,793,1216,822,1246,30,31,807.57,1230.6
953,Tree - jenis belum teridentifikasi,1541,1152,1212,1206,1257,55,46,1180.72,1237.6
954,Tree - jenis belum teridentifikasi,104,1543,1228,1559,1237,17,10,1551.27,1232.98
955,Tree - jenis belum teridentifikasi,34,304,1231,309,1238,6,8,306.15,1234.62
956,Tree - jenis belum teridentifikasi,617,548,1212,574,1248,27,37,560.18,1229.74
957,Tree - jenis belum teridentifikasi,275,141,1229,163,1250,23,22,153.22,1238.85
958,Tree - jenis belum teridentifikasi,745,164,1219,193,1259,30,41,176.99,1239.88
959,Tree - jenis belum teridentifikasi,481,209,1226,240,1252,32,27,222.37,1237.93
960,Tree - jenis belum teridentifikasi,280,271,1233,295,1252,25,20,283.69,1241.04
961,Tree - jenis belum teridentifikasi,182,251,1234,270,1248,20,15,261.05,1241.08
962,Tree - jenis belum teridentifikasi,34,417,1239,422,1248,6,10,419.0,1242.21
963,Tree - jenis belum teridentifikasi,2279,480,1222,551,1289,72,68,518.07,1250.13
964,Tree - jenis belum teridentifikasi,91,338,1240,350,1249,13,10,344.65,1244.27
965,Tree - jenis belum teridentifikasi,273,588,1227,607,1253,20,27,596.41,1239.44
966,Tree - jenis belum teridentifikasi,571,50,1227,80,1260,31,34,63.06,1244.5
967,Tree - jenis belum teridentifikasi,537,618,1236,646,1260,29,25,631.72,1246.87
968,Tree - jenis belum teridentifikasi,197,124,1238,140,1255,17,18,131.31,1246.3
969,Tree - jenis belum teridentifikasi,26,693,1247,699,1251,7,5,696.12,1249.04
970,Tree - jenis belum teridentifikasi,282,768,1247,799,1267,32,21,784.75,1254.02
971,Tree - jenis belum teridentifikasi,367,801,1239,831,1263,31,25,816.14,1250.16
972,Tree - jenis belum teridentifikasi,193,454,1242,468,1263,15,22,461.05,1253.9
973,Tree - jenis belum teridentifikasi,112,104,1251,119,1259,16,9,111.35,1255.0
974,Tree - jenis belum teridentifikasi,156,333,1251,354,1260,22,10,344.37,1255.33
975,Tree - jenis belum teridentifikasi,81,355,1251,363,1266,9,16,359.15,1258.88
976,Tree - jenis belum teridentifikasi,174,651,1250,667,1263,17,14,659.96,1257.29
977,Tree - jenis belum teridentifikasi,544,29,1232,51,1271,23,40,39.97,1253.23
978,Tree - jenis belum teridentifikasi,450,599,1249,624,1273,26,25,611.76,1260.14
979,Tree - jenis belum teridentifikasi,128,1536,1248,1552,1263,17,16,1545.15,1254.45
980,Tree - jenis belum teridentifikasi,135,1530,1255,1543,1279,14,25,1536.53,1265.17
981,Tree - jenis belum teridentifikasi,255,432,1250,448,1268,17,19,439.54,1259.18
982,Tree - jenis belum teridentifikasi,428,563,1239,587,1271,25,33,575.61,1256.57
983,Tree - jenis belum teridentifikasi,239,725,1253,752,1267,28,15,740.65,1260.53
984,Tree - jenis belum teridentifikasi,221,546,1253,563,1269,18,17,554.39,1261.24
985,Tree - jenis belum teridentifikasi,297,177,1252,200,1272,24,21,189.52,1262.45
986,Tree - jenis belum teridentifikasi,170,65,1257,80,1271,16,15,72.68,1264.73
987,Tree - jenis belum teridentifikasi,674,465,1248,505,1286,41,39,485.94,1267.84
988,Tree - jenis belum teridentifikasi,386,5,1255,29,1277,25,23,18.53,1265.51
989,Tree - jenis belum teridentifikasi,420,219,1256,240,1290,22,35,228.95,1272.34
990,Tree - jenis belum teridentifikasi,778,238,1248,269,1284,32,37,253.44,1265.63
991,Tree - jenis belum teridentifikasi,274,1557,1258,1587,1279,31,22,1571.28,1269.07
992,Tree - jenis belum teridentifikasi,67,704,1261,715,1271,12,11,708.58,1265.76
993,Tree - jenis belum teridentifikasi,2160,1193,1229,1243,1290,51,62,1216.93,1262.38
994,Tree - jenis belum teridentifikasi,182,363,1255,380,1277,18,23,371.14,1267.4
995,Tree - jenis belum teridentifikasi,314,527,1261,545,1281,19,21,536.3,1271.23
996,Tree - jenis belum teridentifikasi,246,205,1264,220,1282,16,19,211.96,1273.02
997,Tree - jenis belum teridentifikasi,290,1505,1258,1536,1279,32,22,1517.42,1272.22
998,Tree - jenis belum teridentifikasi,1609,1152,1254,1196,1303,45,50,1173.22,1277.45
999,Tree - jenis belum teridentifikasi,232,546,1269,566,1286,21,18,555.0,1277.26
1000,Tree - jenis belum teridentifikasi,392,38,1263,66,1286,29,24,52.88,1274.89
1001,Tree - jenis belum teridentifikasi,775,388,1249,430,1294,43,46,408.52,1272.75
1002,Tree - jenis belum teridentifikasi,108,632,1264,643,1279,12,16,636.75,1272.81
1003,Tree - jenis belum teridentifikasi,83,839,1273,854,1283,16,11,846.96,1278.01
1004,Tree - jenis belum teridentifikasi,93,878,1265,886,1280,9,16,881.67,1274.15
1005,Tree - jenis belum teridentifikasi,151,326,1272,340,1285,15,14,333.21,1278.12
1006,Tree - jenis belum teridentifikasi,195,0,1269,18,1288,19,20,7.66,1279.53
1007,Tree - jenis belum teridentifikasi,38,1492,1281,1498,1290,7,10,1494.13,1284.34
1008,Tree - jenis belum teridentifikasi,85,165,1280,175,1291,11,12,170.44,1285.74
1009,Tree - jenis belum teridentifikasi,155,778,1280,794,1294,17,15,787.84,1286.85
1010,Tree - jenis belum teridentifikasi,84,443,1282,456,1290,14,9,448.95,1286.42
1011,Tree - jenis belum teridentifikasi,647,9,1275,49,1318,41,44,27.63,1295.27
1012,Tree - jenis belum teridentifikasi,344,792,1271,814,1294,23,24,802.42,1284.26
1013,Tree - jenis belum teridentifikasi,265,264,1279,297,1299,34,21,281.72,1289.77
1014,Tree - jenis belum teridentifikasi,271,1586,1277,1603,1310,18,34,1594.61,1289.84
1015,Tree - jenis belum teridentifikasi,128,1077,1284,1087,1301,11,18,1082.51,1292.17
1016,Tree - jenis belum teridentifikasi,187,426,1285,444,1299,19,15,435.05,1292.19
1017,Tree - jenis belum teridentifikasi,212,232,1280,245,1301,14,22,238.24,1291.08
1018,Tree - jenis belum teridentifikasi,330,1545,1287,1566,1307,22,21,1555.95,1295.84
1019,Tree - jenis belum teridentifikasi,84,609,1281,617,1300,9,20,612.65,1291.96
1020,Tree - jenis belum teridentifikasi,87,857,1292,866,1302,10,11,861.28,1297.09
1021,Tree - jenis belum teridentifikasi,60,632,1295,641,1302,10,8,636.23,1298.3
1022,Tree - jenis belum teridentifikasi,21,683,1296,688,1300,6,5,685.38,1297.95
1023,Tree - jenis belum teridentifikasi,127,1480,1291,1494,1304,15,14,1486.17,1297.56
1024,Tree - jenis belum teridentifikasi,465,444,1289,479,1315,36,27,462.44,1303.27
1025,Tree - jenis belum teridentifikasi,235,533,1293,560,1309,28,17,546.37,1300.03
1026,Tree - jenis belum teridentifikasi,547,479,1278,500,1322,22,45,488.81,1299.36
1027,Tree - jenis belum teridentifikasi,493,177,1275,205,1312,29,38,190.35,1293.98
1028,Tree - jenis belum teridentifikasi,219,248,1293,263,1315,16,23,255.92,1304.69
1029,Tree - jenis belum teridentifikasi,107,317,1297,337,1310,21,14,324.81,1304.14
1030,Tree - jenis belum teridentifikasi,246,50,1303,70,1324,21,22,59.14,1312.0
1031,Tree - jenis belum teridentifikasi,60,506,1306,511,1318,6,13,509.08,1311.42
1032,Tree - jenis belum teridentifikasi,762,392,1293,427,1329,36,37,408.73,1309.83
1033,Tree - jenis belum teridentifikasi,196,1081,1301,1094,1321,14,21,1087.29,1311.32
1034,Tree - jenis belum teridentifikasi,1506,1223,1287,1269,1334,47,48,1247.01,1310.03
1035,Tree - jenis belum teridentifikasi,211,1514,1304,1534,1321,21,18,1525.25,1311.47
1036,Tree - jenis belum teridentifikasi,1084,193,1295,236,1339,44,45,212.96,1318.29
1037,Tree - jenis belum teridentifikasi,47,596,1312,607,1319,12,8,602.77,1315.15
1038,Tree - jenis belum teridentifikasi,61,1599,1316,1606,1326,8,11,1602.28,1321.28
1039,Tree - jenis belum teridentifikasi,1890,1195,1287,1243,1348,49,62,1216.34,1319.2
1040,Tree - jenis belum teridentifikasi,306,283,1314,304,1333,22,20,293.25,1323.41
1041,Tree - jenis belum teridentifikasi,369,324,1311,347,1332,24,22,336.02,1322.41
1042,Tree - jenis belum teridentifikasi,563,163,1308,192,1341,30,34,179.21,1325.42
1043,Tree - jenis belum teridentifikasi,137,472,1313,486,1335,15,23,480.28,1323.72
1044,Tree - jenis belum teridentifikasi,87,689,1320,697,1331,9,12,692.91,1324.87
1045,Tree - jenis belum teridentifikasi,150,29,1315,39,1339,11,25,34.26,1327.16
1046,Tree - jenis belum teridentifikasi,171,878,1317,895,1341,18,25,883.86,1327.85
1047,Tree - jenis belum teridentifikasi,78,455,1322,464,1332,10,11,459.82,1326.99
1048,Tree - jenis belum teridentifikasi,93,1474,1323,1488,1335,15,13,1481.6,1329.22
1049,Tree - jenis belum teridentifikasi,2422,1507,1300,1584,1356,78,57,1551.06,1330.37
1050,Tree - jenis belum teridentifikasi,62,53,1327,62,1334,10,8,56.85,1330.76
1051,Tree - jenis belum teridentifikasi,610,261,1305,286,1342,26,38,272.35,1324.25
1052,Tree - jenis belum teridentifikasi,245,7,1326,28,1344,22,19,17.09,1334.92
1053,Tree - jenis belum teridentifikasi,394,384,1327,411,1350,28,24,399.15,1336.57
1054,Tree - jenis belum teridentifikasi,306,1086,1327,1103,1358,18,32,1095.41,1340.9
1055,Tree - jenis belum teridentifikasi,160,225,1331,242,1346,18,16,234.55,1338.41
1056,Tree - jenis belum teridentifikasi,100,193,1334,206,1347,14,14,197.77,1340.16
1057,Tree - jenis belum teridentifikasi,321,238,1330,264,1350,27,21,251.0,1339.95
1058,Tree - jenis belum teridentifikasi,74,416,1334,427,1344,12,11,421.57,1339.53
1059,Tree - jenis belum teridentifikasi,78,432,1336,441,1345,10,10,436.76,1340.12
1060,Tree - jenis belum teridentifikasi,163,441,1334,455,1348,15,15,448.31,1341.36
1061,Tree - jenis belum teridentifikasi,45,679,1337,686,1344,8,8,682.82,1340.87
1062,Tree - jenis belum teridentifikasi,111,836,1329,850,1344,15,16,843.35,1337.68
1063,Tree - jenis belum teridentifikasi,261,297,1334,316,1352,20,19,305.73,1342.8
1064,Tree - jenis belum teridentifikasi,142,1582,1333,1594,1351,13,19,1586.95,1342.58
1065,Tree - jenis belum teridentifikasi,202,848,1337,871,1349,24,13,859.31,1343.96
1066,Tree - jenis belum teridentifikasi,110,315,1342,329,1351,15,10,320.89,1346.98
1067,Tree - jenis belum teridentifikasi,158,22,1336,40,1354,19,19,29.58,1346.07
1068,Tree - jenis belum teridentifikasi,67,664,1344,672,1354,9,11,668.76,1348.12
1069,Tree - jenis belum teridentifikasi,339,339,1343,378,1359,40,17,359.97,1350.5
1070,Tree - jenis belum teridentifikasi,27,1265,1346,1270,1350,6,5,1267.59,1347.93
1071,Tree - jenis belum teridentifikasi,338,609,1337,637,1359,29,23,623.55,1349.84
1072,Tree - jenis belum teridentifikasi,443,729,1338,761,1366,33,29,744.63,1352.14
1073,Tree - jenis belum teridentifikasi,93,428,1347,439,1359,12,13,434.25,1353.95
1074,Tree - jenis belum teridentifikasi,94,48,1346,59,1364,12,19,53.68,1356.15
1075,Tree - jenis belum teridentifikasi,553,269,1337,307,1366,39,30,286.21,1353.67
1076,Tree - jenis belum teridentifikasi,127,587,1349,600,1360,14,12,593.87,1354.98
1077,Tree - jenis belum teridentifikasi,419,384,1347,409,1373,26,27,396.89,1359.34
1078,Tree - jenis belum teridentifikasi,138,641,1353,663,1382,23,30,650.97,1363.69
1079,Tree - jenis belum teridentifikasi,49,838,1352,846,1360,9,9,842.71,1356.2
1080,Tree - jenis belum teridentifikasi,611,171,1343,213,1372,43,30,188.76,1358.15
1081,Tree - jenis belum teridentifikasi,273,252,1352,279,1374,28,23,263.56,1362.79
1082,Tree - jenis belum teridentifikasi,46,1491,1353,1499,1363,9,11,1494.85,1358.63
1083,Tree - jenis belum teridentifikasi,534,1534,1351,1565,1378,32,28,1548.42,1363.42
1084,Tree - jenis belum teridentifikasi,192,1590,1351,1610,1367,21,17,1600.06,1359.6
1085,Tree - jenis belum teridentifikasi,374,676,1351,706,1375,31,25,693.86,1362.08
1086,Tree - jenis belum teridentifikasi,63,1102,1358,1110,1368,9,11,1105.98,1362.79
1087,Tree - jenis belum teridentifikasi,64,65,1361,78,1367,14,7,71.53,1363.31
1088,Tree - jenis belum teridentifikasi,527,446,1349,476,1377,31,29,460.34,1362.77
1089,Tree - jenis belum teridentifikasi,372,13,1352,44,1373,32,22,28.32,1362.12
1090,Tree - jenis belum teridentifikasi,263,1563,1352,1578,1378,16,27,1569.98,1366.02
1091,Tree - jenis belum teridentifikasi,153,214,1362,230,1378,17,17,220.15,1370.12
1092,Tree - jenis belum teridentifikasi,73,609,1366,618,1379,10,14,613.41,1372.19
1093,Tree - jenis belum teridentifikasi,93,672,1365,683,1374,12,10,677.33,1369.52
1094,Tree - jenis belum teridentifikasi,60,888,1367,895,1375,8,9,891.32,1371.22
1095,Tree - jenis belum teridentifikasi,195,153,1360,172,1380,20,21,162.14,1369.6
1096,Tree - jenis belum teridentifikasi,149,843,1369,864,1383,22,15,855.68,1376.78
1097,Tree - jenis belum teridentifikasi,225,36,1375,59,1389,24,15,47.72,1381.14
1098,Tree - jenis belum teridentifikasi,225,1543,1372,1564,1385,22,14,1553.42,1378.61
1099,Tree - jenis belum teridentifikasi,69,73,1377,82,1385,10,9,77.0,1380.36
1100,Tree - jenis belum teridentifikasi,785,393,1359,448,1391,56,33,422.51,1377.05
1101,Tree - jenis belum teridentifikasi,217,141,1377,158,1399,18,23,148.09,1386.59
1102,Tree - jenis belum teridentifikasi,113,235,1379,247,1391,13,13,240.85,1385.92
1103,Tree - jenis belum teridentifikasi,984,0,1365,38,1401,39,37,16.15,1385.94
1104,Tree - jenis belum teridentifikasi,105,790,1380,800,1395,11,16,794.98,1387.9
1105,Tree - jenis belum teridentifikasi,270,810,1369,840,1392,31,24,825.27,1381.12
1106,Tree - jenis belum teridentifikasi,130,256,1384,270,1395,15,12,262.95,1389.38
1107,Tree - jenis belum teridentifikasi,178,120,1382,140,1399,21,18,130.06,1391.04
1108,Tree - jenis belum teridentifikasi,23,187,1391,191,1396,5,6,189.04,1393.26
1109,Tree - jenis belum teridentifikasi,267,1101,1372,1112,1405,12,34,1106.3,1390.12
1110,Tree - jenis belum teridentifikasi,185,201,1385,214,1407,14,23,207.66,1396.24
1111,Tree - jenis belum teridentifikasi,559,81,1374,118,1404,38,31,96.82,1389.09
1112,Tree - jenis belum teridentifikasi,276,62,1386,83,1408,22,23,72.32,1397.58
1113,Tree - jenis belum teridentifikasi,40,1225,1400,1233,1405,9,6,1228.3,1402.55
1114,Tree - jenis belum teridentifikasi,97,1536,1396,1545,1409,10,14,1539.51,1402.59
1115,Tree - jenis belum teridentifikasi,43,113,1403,118,1414,6,12,115.0,1407.86
1116,Tree - jenis belum teridentifikasi,203,297,1398,316,1414,20,17,305.71,1405.44
1117,Tree - jenis belum teridentifikasi,102,220,1406,239,1415,20,10,228.94,1409.7
1118,Tree - jenis belum teridentifikasi,2667,820,1383,888,1450,69,68,852.69,1417.02
1119,Tree - jenis belum teridentifikasi,27,149,1408,154,1413,6,6,151.0,1410.04
1120,Tree - jenis belum teridentifikasi,48,189,1406,197,1413,9,8,193.52,1409.48
1121,Tree - jenis belum teridentifikasi,44,161,1407,166,1416,6,10,163.16,1411.55
1122,Tree - jenis belum teridentifikasi,105,676,1404,688,1418,13,15,682.71,1411.29
1123,Tree - jenis belum teridentifikasi,932,44,1377,82,1432,39,56,60.4,1409.06
1124,Tree - jenis belum teridentifikasi,1343,0,1400,49,1437,50,38,23.35,1416.83
1125,Tree - jenis belum teridentifikasi,46,624,1410,631,1419,8,10,628.0,1415.89
1126,Tree - jenis belum teridentifikasi,81,1100,1408,1108,1422,9,15,1104.88,1415.74
1127,Tree - jenis belum teridentifikasi,121,91,1413,103,1426,13,14,96.63,1419.5
1128,Tree - jenis belum teridentifikasi,138,229,1420,248,1433,20,14,237.99,1426.19
1129,Tree - jenis belum teridentifikasi,261,442,1416,466,1434,25,19,455.25,1423.3
1130,Tree - jenis belum teridentifikasi,49,183,1423,193,1430,11,8,187.65,1427.27
1131,Tree - jenis belum teridentifikasi,169,151,1419,167,1441,17,23,159.07,1429.7
1132,Tree - jenis belum teridentifikasi,58,251,1425,262,1431,12,7,256.0,1428.03
1133,Tree - jenis belum teridentifikasi,55,492,1426,497,1439,6,14,494.13,1432.82
1134,Tree - jenis belum teridentifikasi,343,643,1423,670,1441,28,19,656.73,1432.47
1135,Tree - jenis belum teridentifikasi,111,202,1428,215,1439,14,12,208.73,1433.91
1136,Tree - jenis belum teridentifikasi,69,53,1431,65,1440,13,10,58.59,1435.51
1137,Tree - jenis belum teridentifikasi,58,109,1431,118,1438,10,8,113.83,1434.95
1138,Tree - jenis belum teridentifikasi,101,1111,1432,1126,1444,16,13,1119.01,1436.67
1139,Tree - jenis belum teridentifikasi,559,427,1413,451,1452,25,40,436.79,1433.17
1140,Tree - jenis belum teridentifikasi,84,280,1436,290,1446,11,11,284.96,1441.04
1141,Tree - jenis belum teridentifikasi,72,27,1440,41,1448,15,9,34.18,1443.33
1142,Tree - jenis belum teridentifikasi,92,498,1443,511,1454,14,12,505.51,1447.23
1143,Tree - jenis belum teridentifikasi,35,128,1445,134,1451,7,7,130.54,1448.2
1144,Tree - jenis belum teridentifikasi,116,200,1443,215,1452,16,10,207.86,1447.62
1145,Tree - jenis belum teridentifikasi,381,434,1439,465,1460,32,22,450.59,1450.08
1146,Tree - jenis belum teridentifikasi,143,1079,1445,1096,1455,18,11,1088.03,1450.48
1147,Tree - jenis belum teridentifikasi,67,176,1447,186,1455,11,9,180.16,1451.54
1148,Tree - jenis belum teridentifikasi,137,76,1447,92,1459,17,13,83.44,1452.45
1149,Tree - jenis belum teridentifikasi,111,267,1441,280,1456,14,16,273.75,1449.83
1150,Tree - jenis belum teridentifikasi,259,149,1449,171,1476,23,28,160.59,1460.17
1151,Tree - jenis belum teridentifikasi,313,790,1440,818,1461,29,22,801.76,1452.1
1152,Tree - jenis belum teridentifikasi,96,1067,1449,1080,1460,14,12,1074.43,1453.83
1153,Tree - jenis belum teridentifikasi,60,18,1453,29,1459,12,7,23.57,1455.73
1154,Tree - jenis belum teridentifikasi,194,848,1445,863,1464,16,20,855.49,1455.4
1155,Tree - jenis belum teridentifikasi,4305,1486,1405,1564,1494,79,90,1522.29,1456.83
1156,Tree - jenis belum teridentifikasi,211,408,1448,423,1470,16,23,415.11,1458.23
1157,Tree - jenis belum teridentifikasi,209,863,1454,882,1469,20,16,874.22,1460.28
1158,Tree - jenis belum teridentifikasi,213,29,1456,55,1472,27,17,41.78,1461.76
1159,Tree - jenis belum teridentifikasi,145,457,1461,476,1472,20,12,467.48,1466.78
1160,Tree - jenis belum teridentifikasi,47,520,1464,527,1470,8,7,523.79,1467.3
1161,Tree - jenis belum teridentifikasi,167,727,1453,740,1473,14,21,732.75,1462.89
1162,Tree - jenis belum teridentifikasi,81,1101,1459,1112,1471,12,13,1106.73,1466.06
1163,Tree - jenis belum teridentifikasi,121,240,1462,250,1478,11,17,244.58,1469.05
1164,Tree - jenis belum teridentifikasi,123,1196,1461,1206,1477,11,17,1201.62,1468.81
1165,Tree - jenis belum teridentifikasi,40,653,1465,660,1471,8,7,656.0,1468.5
1166,Tree - jenis belum teridentifikasi,81,739,1463,748,1474,10,12,743.79,1467.85
1167,Tree - jenis belum teridentifikasi,205,831,1464,849,1481,19,18,841.95,1471.3
1168,Tree - jenis belum teridentifikasi,330,793,1462,821,1484,29,23,804.95,1470.38
1169,Tree - jenis belum teridentifikasi,55,433,1468,442,1475,10,8,437.11,1471.96
1170,Tree - jenis belum teridentifikasi,99,682,1468,694,1477,13,10,687.2,1473.25
1171,Tree - jenis belum teridentifikasi,202,97,1461,118,1480,22,20,105.65,1471.46
1172,Tree - jenis belum teridentifikasi,112,876,1470,883,1490,8,21,879.77,1478.79
1173,Tree - jenis belum teridentifikasi,141,26,1466,41,1480,16,15,34.36,1472.84
1174,Tree - jenis belum teridentifikasi,89,14,1472,25,1481,12,10,18.99,1476.29
1175,Tree - jenis belum teridentifikasi,30,704,1473,710,1478,7,6,707.43,1475.93
1176,Tree - jenis belum teridentifikasi,444,193,1464,224,1486,32,23,210.9,1475.91
1177,Tree - jenis belum teridentifikasi,156,448,1469,464,1487,17,19,457.46,1478.7
1178,Tree - jenis belum teridentifikasi,636,469,1471,514,1499,46,29,496.58,1482.32
1179,Tree - jenis belum teridentifikasi,99,153,1477,167,1488,15,12,160.64,1482.08
1180,Tree - jenis belum teridentifikasi,177,178,1473,193,1490,16,18,185.31,1482.92
1181,Tree - jenis belum teridentifikasi,239,790,1477,807,1494,18,18,798.49,1485.69
1182,Tree - jenis belum teridentifikasi,125,13,1482,30,1493,18,12,20.7,1486.37
1183,Tree - jenis belum teridentifikasi,244,75,1480,93,1497,19,18,84.74,1488.61
1184,Tree - jenis belum teridentifikasi,484,251,1473,278,1499,28,27,264.25,1486.56
1185,Tree - jenis belum teridentifikasi,82,36,1487,50,1494,15,8,43.34,1490.55
1186,Tree - jenis belum teridentifikasi,209,432,1481,453,1496,22,16,442.4,1489.09
1187,Tree - jenis belum teridentifikasi,91,550,1487,568,1496,19,10,557.95,1490.13
1188,Tree - jenis belum teridentifikasi,22,763,1488,768,1492,6,5,765.64,1489.86
1189,Tree - jenis belum teridentifikasi,69,238,1489,251,1495,14,7,243.8,1492.0
1190,Tree - jenis belum teridentifikasi,430,463,1478,493,1507,31,30,477.4,1495.21
1191,Tree - jenis belum teridentifikasi,196,528,1487,549,1500,22,14,536.47,1492.8
1192,Tree - jenis belum teridentifikasi,308,112,1482,136,1505,25,24,123.12,1493.17
1193,Tree - jenis belum teridentifikasi,197,1152,1489,1161,1514,10,26,1155.47,1500.85
1194,Tree - jenis belum teridentifikasi,122,399,1491,408,1506,10,16,403.36,1498.79
1195,Tree - jenis belum teridentifikasi,168,17,1493,32,1510,16,18,24.8,1501.92
1196,Tree - jenis belum teridentifikasi,81,316,1496,326,1504,11,9,321.04,1500.1
1197,Tree - jenis belum teridentifikasi,115,1098,1496,1104,1521,7,26,1101.42,1508.97
1198,Tree - jenis belum teridentifikasi,154,150,1495,166,1511,17,17,158.01,1501.82
1199,Tree - jenis belum teridentifikasi,453,807,1489,830,1514,24,26,818.99,1502.31
1200,Tree - jenis belum teridentifikasi,685,365,1488,401,1519,37,32,381.54,1503.72
1201,Tree - jenis belum teridentifikasi,240,449,1493,470,1515,22,23,459.8,1505.21
1202,Tree - jenis belum teridentifikasi,386,129,1488,153,1520,25,33,140.58,1505.87
1203,Tree - jenis belum teridentifikasi,358,215,1500,247,1517,33,18,229.62,1507.45
1204,Tree - jenis belum teridentifikasi,334,420,1497,449,1518,30,22,433.94,1509.08
1205,Tree - jenis belum teridentifikasi,49,505,1505,510,1518,6,14,507.88,1511.94
1206,Tree - jenis belum teridentifikasi,192,463,1508,485,1524,23,17,474.57,1514.88
1207,Tree - jenis belum teridentifikasi,230,543,1508,564,1526,22,19,553.5,1516.52
1208,Tree - jenis belum teridentifikasi,145,834,1511,861,1519,28,9,847.54,1515.93
1209,Tree - jenis belum teridentifikasi,40,520,1513,526,1519,7,7,523.08,1516.33
1210,Tree - jenis belum teridentifikasi,156,0,1511,17,1526,18,16,9.04,1517.67
1211,Tree - jenis belum teridentifikasi,111,577,1512,595,1523,19,12,584.79,1518.69
1212,Tree - jenis belum teridentifikasi,41,1125,1521,1132,1526,8,6,1128.56,1523.44
1213,Tree - jenis belum teridentifikasi,360,481,1514,510,1535,30,22,494.32,1525.56
1214,Tree - jenis belum teridentifikasi,385,399,1512,420,1539,22,28,410.55,1524.5
1215,Tree - jenis belum teridentifikasi,444,147,1521,175,1553,29,33,162.66,1533.68
1216,Tree - jenis belum teridentifikasi,95,535,1524,542,1539,8,16,538.08,1530.75
1217,Tree - jenis belum teridentifikasi,176,313,1525,328,1542,16,18,320.34,1533.72
1218,Tree - jenis belum teridentifikasi,341,445,1520,468,1542,24,23,456.18,1531.68
1219,Tree - jenis belum teridentifikasi,306,416,1529,444,1543,29,15,429.08,1536.49
1220,Tree - jenis belum teridentifikasi,80,26,1528,36,1542,11,15,30.49,1536.08
1221,Tree - jenis belum teridentifikasi,603,544,1527,574,1560,31,34,558.4,1543.65
1222,Tree - jenis belum teridentifikasi,144,1524,1539,1538,1553,15,15,1531.35,1545.68
1223,Tree - jenis belum teridentifikasi,425,496,1535,521,1561,26,27,508.28,1547.92
1224,Tree - jenis belum teridentifikasi,83,811,1544,822,1551,12,8,816.41,1547.13
1225,Tree - jenis belum teridentifikasi,1401,81,1509,137,1567,57,59,112.88,1539.49
1226,Tree - jenis belum teridentifikasi,264,131,1532,148,1559,18,28,140.95,1546.88
1227,Tree - jenis belum teridentifikasi,25,264,1547,270,1552,7,6,267.64,1549.28
1228,Tree - jenis belum teridentifikasi,152,1209,1547,1223,1559,15,13,1216.23,1552.71
1229,Tree - jenis belum teridentifikasi,560,0,1536,27,1566,28,31,10.9,1550.8
1230,Tree - jenis belum teridentifikasi,178,181,1546,206,1562,26,17,193.2,1553.63
1231,Tree - jenis belum teridentifikasi,146,1532,1551,1548,1562,17,12,1539.22,1556.16
1232,Tree - jenis belum teridentifikasi,514,515,1539,545,1575,31,37,528.41,1557.96
1233,Tree - jenis belum teridentifikasi,255,40,1547,57,1576,18,30,49.67,1560.57
1234,Tree - jenis belum teridentifikasi,52,149,1555,160,1563,12,9,155.88,1560.27
1235,Tree - jenis belum teridentifikasi,5802,1021,1517,1133,1597,113,81,1081.59,1557.33
1236,Tree - jenis belum teridentifikasi,123,162,1561,178,1574,17,14,170.48,1567.92
1237,Tree - jenis belum teridentifikasi,97,721,1564,731,1575,11,12,725.95,1569.76
1238,Tree - jenis belum teridentifikasi,211,810,1561,827,1584,18,24,818.23,1571.27
1239,Tree - jenis belum teridentifikasi,539,12,1557,38,1596,27,40,25.23,1574.7
1240,Tree - jenis belum teridentifikasi,683,773,1557,815,1592,43,36,792.43,1575.75
1241,Tree - jenis belum teridentifikasi,187,55,1565,72,1585,18,21,63.45,1575.69
1242,Tree - jenis belum teridentifikasi,36,610,1573,614,1582,5,10,611.58,1578.28
1243,Tree - jenis belum teridentifikasi,231,116,1574,147,1591,32,18,130.1,1583.27
1244,Tree - jenis belum teridentifikasi,60,750,1578,761,1586,12,9,756.0,1580.85
1245,Tree - jenis belum teridentifikasi,257,1567,1572,1588,1587,22,16,1576.26,1579.35
1246,Tree - jenis belum teridentifikasi,108,152,1579,167,1590,16,12,160.1,1583.8
1247,Tree - jenis belum teridentifikasi,167,449,1582,466,1599,18,18,456.66,1589.23
1248,Tree - jenis belum teridentifikasi,58,704,1586,714,1595,11,10,710.76,1591.33
1249,Tree - jenis belum teridentifikasi,381,37,1578,56,1606,20,29,46.51,1593.41
1250,Tree - jenis belum teridentifikasi,212,1505,1584,1525,1604,21,21,1513.94,1594.75
1251,Tree - jenis belum teridentifikasi,244,1567,1588,1585,1607,19,20,1574.66,1596.44
1252,Tree - jenis belum teridentifikasi,211,796,1586,814,1606,19,21,804.57,1594.91
1253,Tree - jenis belum teridentifikasi,53,16,1592,22,1603,7,12,18.74,1598.42
1254,Tree - jenis belum teridentifikasi,62,467,1594,479,1604,13,11,472.06,1598.45
1255,Tree - jenis belum teridentifikasi,33,734,1599,739,1606,6,8,736.73,1602.42
1256,Tree - jenis belum teridentifikasi,92,176,1600,184,1614,9,15,179.59,1606.77
1257,Tree - jenis belum teridentifikasi,31,1185,1602,1191,1607,7,6,1187.77,1604.58
1258,Tree - jenis belum teridentifikasi,63,1536,1601,1551,1606,16,6,1543.02,1603.03
1259,Tree - jenis belum teridentifikasi,44,24,1602,31,1609,8,8,27.91,1606.11
1260,Tree - jenis belum teridentifikasi,302,1157,1601,1177,1618,21,18,1167.03,1609.1
1261,Tree - jenis belum teridentifikasi,116,488,1605,500,1615,13,11,493.66,1609.68
1262,Tree - jenis belum teridentifikasi,213,1132,1602,1149,1618,18,17,1140.29,1609.57
1263,Tree - jenis belum teridentifikasi,79,717,1607,729,1616,13,10,723.42,1611.81
1264,Tree - jenis belum teridentifikasi,122,1614,1607,1630,1616,17,10,1622.3,1611.4
1265,Tree - jenis belum teridentifikasi,407,97,1594,122,1622,26,29,111.19,1607.56
1266,Tree - jenis belum teridentifikasi,167,690,1607,702,1628,13,22,695.78,1615.94
1267,Tree - jenis belum teridentifikasi,187,1551,1606,1568,1621,18,16,1559.86,1613.48
1268,Tree - jenis belum teridentifikasi,45,775,1615,782,1622,8,8,779.07,1617.89
1269,Tree - jenis belum teridentifikasi,113,1517,1609,1529,1624,13,16,1522.66,1616.47
1270,Tree - jenis belum teridentifikasi,106,11,1615,30,1626,20,12,19.47,1619.81
1271,Tree - jenis belum teridentifikasi,39,44,1616,50,1622,7,7,46.69,1619.31
1272,Tree - jenis belum teridentifikasi,523,1201,1603,1224,1633,24,31,1213.7,1618.94
1273,Tree - jenis belum teridentifikasi,295,1166,1615,1186,1633,21,19,1176.41,1624.4
1274,Tree - jenis belum teridentifikasi,186,1533,1617,1549,1632,17,16,1540.63,1624.1
1275,Tree - jenis belum teridentifikasi,80,81,1623,93,1631,13,9,86.28,1627.88
1276,Tree - jenis belum teridentifikasi,43,164,1624,170,1630,7,7,166.88,1627.12
1277,Tree - jenis belum teridentifikasi,5843,1309,1585,1408,1669,100,85,1360.04,1628.55
1278,Tree - jenis belum teridentifikasi,91,295,1625,310,1634,16,10,303.08,1628.25
1279,Tree - jenis belum teridentifikasi,62,672,1624,678,1637,7,14,675.39,1630.05
1280,Tree - jenis belum teridentifikasi,746,1583,1601,1618,1647,36,47,1598.77,1625.71
1281,Tree - jenis belum teridentifikasi,1844,1399,1601,1454,1653,56,53,1423.22,1629.44
1282,Tree - jenis belum teridentifikasi,58,351,1626,362,1634,12,9,356.12,1630.74
1283,Tree - jenis belum teridentifikasi,226,585,1632,606,1646,22,15,596.66,1639.01
1284,Tree - jenis belum teridentifikasi,22,697,1638,702,1642,6,5,699.23,1640.5
1285,Tree - jenis belum teridentifikasi,226,801,1614,815,1646,15,33,807.01,1633.46
1286,Tree - jenis belum teridentifikasi,281,1487,1632,1505,1652,19,21,1494.79,1641.89
1287,Tree - jenis belum teridentifikasi,106,302,1634,310,1658,9,25,306.06,1645.86
1288,Tree - jenis belum teridentifikasi,79,676,1637,690,1647,15,11,683.37,1642.32
1289,Tree - jenis belum teridentifikasi,223,776,1639,802,1654,27,16,790.5,1646.21
1290,Tree - jenis belum teridentifikasi,120,322,1642,336,1657,15,16,330.94,1649.63
1291,Tree - jenis belum teridentifikasi,445,1574,1635,1594,1666,21,32,1582.69,1650.94
1292,Tree - jenis belum teridentifikasi,1046,1432,1623,1494,1663,63,41,1466.83,1651.01
1293,Tree - jenis belum teridentifikasi,182,1512,1646,1527,1663,16,18,1520.29,1654.09
1294,Tree - jenis belum teridentifikasi,1478,1527,1621,1573,1681,47,61,1551.23,1654.71
1295,Tree - jenis belum teridentifikasi,77,102,1657,114,1667,13,11,107.62,1660.78
1296,Tree - jenis belum teridentifikasi,345,758,1641,775,1669,18,29,765.99,1656.94
1297,Tree - jenis belum teridentifikasi,1988,710,1632,761,1699,52,68,738.88,1664.08
1298,Tree - jenis belum teridentifikasi,55,349,1663,360,1670,12,8,354.27,1666.69
1299,Tree - jenis belum teridentifikasi,334,697,1650,717,1686,21,37,707.44,1670.76
1300,Tree - jenis belum teridentifikasi,409,1559,1660,1578,1687,20,28,1567.61,1673.03
1301,Tree - jenis belum teridentifikasi,157,1371,1667,1385,1684,15,18,1377.64,1674.85
1302,Tree - jenis belum teridentifikasi,674,762,1664,788,1697,27,34,774.65,1680.91
1303,Tree - jenis belum teridentifikasi,335,788,1662,807,1691,20,30,796.28,1676.73
1304,Tree - jenis belum teridentifikasi,40,1516,1674,1523,1682,8,9,1519.75,1678.4
1305,Tree - jenis belum teridentifikasi,22,121,1681,125,1685,5,5,123.09,1683.09
1306,Tree - jenis belum teridentifikasi,228,718,1680,735,1699,18,20,725.77,1689.66
1307,Tree - jenis belum teridentifikasi,52,1513,1684,1521,1695,9,12,1516.29,1690.62
1308,Tree - jenis belum teridentifikasi,324,1536,1682,1550,1707,15,26,1542.19,1693.85
1309,Tree - jenis belum teridentifikasi,180,749,1691,764,1705,16,15,756.88,1698.3
1310,Tree - jenis belum teridentifikasi,89,33,1689,42,1702,10,14,37.02,1696.71
1311,Tree - jenis belum teridentifikasi,21,704,1704,709,1708,6,5,706.48,1705.62
1312,Tree - jenis belum teridentifikasi,904,760,1693,804,1728,45,36,781.7,1709.52
1313,Tree - jenis belum teridentifikasi,41,1421,1708,1430,1718,10,11,1424.95,1711.46
1314,Tree - jenis belum teridentifikasi,113,1347,1705,1359,1718,13,14,1352.85,1711.65
1315,Tree - jenis belum teridentifikasi,119,47,1713,62,1722,16,10,55.39,1717.15
1316,Tree - jenis belum teridentifikasi,268,1536,1707,1550,1728,15,22,1543.02,1717.97
1317,Tree - jenis belum teridentifikasi,219,1391,1711,1406,1727,16,17,1399.05,1719.48
1318,Tree - jenis belum teridentifikasi,362,721,1708,753,1727,33,20,736.76,1717.16
1319,Tree - jenis belum teridentifikasi,95,75,1720,88,1730,14,11,82.04,1724.75
1320,Tree - jenis belum teridentifikasi,36,1368,1723,1374,1731,7,9,1371.75,1727.78
1321,Tree - jenis belum teridentifikasi,92,1424,1728,1432,1741,9,14,1427.95,1734.78
1322,Tree - jenis belum teridentifikasi,270,1440,1728,1461,1746,22,19,1450.4,1736.41
1323,Tree - jenis belum teridentifikasi,111,768,1734,779,1748,12,15,773.27,1741.45
1324,Tree - jenis belum teridentifikasi,42,1329,1744,1337,1749,9,6,1333.0,1746.45
1325,Tree - jenis belum teridentifikasi,183,894,1740,913,1757,20,18,901.96,1748.06
1326,Tree - jenis belum teridentifikasi,72,768,1749,777,1758,10,10,772.22,1753.31
1327,Tree - jenis belum teridentifikasi,28,943,1767,950,1771,8,5,946.39,1769.07
1328,Tree - jenis belum teridentifikasi,93,959,1765,971,1774,13,10,965.02,1769.06
1329,Tree - jenis belum teridentifikasi,40,981,1767,989,1773,9,7,985.1,1770.28
1330,Tree - jenis belum teridentifikasi,146,904,1760,919,1782,16,23,911.1,1770.77
1331,Tree - jenis belum teridentifikasi,47,1273,1776,1279,1783,7,8,1276.47,1779.72
1332,Tree - jenis belum teridentifikasi,2727,854,1743,927,1839,74,97,883.27,1790.53
1333,Tree - jenis belum teridentifikasi,26,120,1785,125,1790,6,6,122.23,1787.58
1334,Tree - jenis belum teridentifikasi,73,289,1789,301,1798,13,10,293.6,1792.23
1335,Tree - jenis belum teridentifikasi,211,1384,1783,1401,1798,18,16,1392.55,1791.13
1336,Tree - jenis belum teridentifikasi,136,1468,1792,1479,1805,12,14,1474.04,1798.1
1337,Tree - jenis belum teridentifikasi,89,898,1807,910,1816,13,10,905.01,1810.57
1338,Tree - jenis belum teridentifikasi,179,1303,1813,1316,1829,14,17,1309.79,1821.55
1339,Tree - jenis belum teridentifikasi,28,1342,1824,1346,1830,5,7,1343.86,1826.93
1340,Tree - jenis belum teridentifikasi,66,1296,1840,1302,1853,7,14,1299.5,1846.61
1341,Tree - jenis belum teridentifikasi,140,855,1842,866,1856,12,15,860.74,1849.1
1342,Tree - jenis belum teridentifikasi,311,1098,1841,1119,1860,22,20,1108.72,1849.68
1343,Tree - jenis belum teridentifikasi,174,838,1847,857,1860,20,14,846.79,1854.2
1344,Tree - jenis belum teridentifikasi,108,885,1852,895,1864,11,13,890.88,1857.56
1345,Tree - jenis belum teridentifikasi,79,941,1861,951,1874,11,14,946.11,1867.0
1346,Tree - jenis belum teridentifikasi,162,818,1864,835,1873,18,10,826.26,1868.58
1347,Tree - jenis belum teridentifikasi,264,956,1867,982,1884,27,18,970.49,1874.93
1348,Tree - jenis belum teridentifikasi,110,892,1881,907,1891,16,11,899.6,1884.99
1349,Tree - jenis belum teridentifikasi,112,964,1887,982,1898,19,12,972.8,1892.76
1350,Tree - jenis belum teridentifikasi,125,1009,1881,1019,1898,11,18,1014.11,1889.42
1351,Tree - jenis belum teridentifikasi,73,711,1889,718,1903,8,15,714.93,1895.53
1352,Tree - jenis belum teridentifikasi,143,813,1886,826,1905,14,20,819.22,1895.89
1353,Tree - jenis belum teridentifikasi,369,871,1872,895,1902,25,31,883.81,1889.73
1354,Tree - jenis belum teridentifikasi,121,995,1894,1005,1914,11,21,1000.27,1903.31
1355,Tree - jenis belum teridentifikasi,26,920,1903,926,1910,7,8,922.96,1906.08
1356,Tree - jenis belum teridentifikasi,60,849,1901,856,1910,8,10,852.98,1906.15
1357,Tree - jenis belum teridentifikasi,123,898,1903,912,1918,15,16,904.43,1912.01
1358,Tree - jenis belum teridentifikasi,331,869,1903,895,1918,27,16,884.38,1910.89
1359,Tree - jenis belum teridentifikasi,804,1146,1910,1187,1945,42,36,1164.44,1926.44
1360,Tree - jenis belum teridentifikasi,624,868,1918,896,1944,29,27,883.09,1930.09
1361,Tree - jenis belum teridentifikasi,135,1187,1927,1207,1935,21,9,1197.55,1931.07
1362,Tree - jenis belum teridentifikasi,581,65,1911,95,1943,31,33,79.36,1927.94
1363,Tree - jenis belum teridentifikasi,55,1273,1926,1279,1935,7,10,1276.62,1930.91
1364,Tree - jenis belum teridentifikasi,320,365,1929,397,1944,33,16,381.35,1936.78
1365,Tree - jenis belum teridentifikasi,387,896,1920,930,1945,35,26,911.87,1933.02
1366,Tree - jenis belum teridentifikasi,259,99,1938,121,1958,23,21,110.43,1946.88
1367,Tree - jenis belum teridentifikasi,1695,1085,1925,1131,1970,47,46,1109.67,1946.36
1368,Tree - jenis belum teridentifikasi,67,359,1952,369,1959,11,8,364.3,1955.18
1369,Tree - jenis belum teridentifikasi,410,120,1951,146,1974,27,24,134.75,1960.84
1370,Tree - jenis belum teridentifikasi,40,730,1954,734,1965,5,12,732.35,1960.45
1371,Tree - jenis belum teridentifikasi,34,1156,1957,1163,1963,8,7,1160.26,1960.79
1372,Tree - jenis belum teridentifikasi,221,387,1953,407,1969,21,17,397.75,1960.89
1373,Tree - jenis belum teridentifikasi,257,423,1956,443,1971,21,16,433.14,1963.69
1374,Tree - jenis belum teridentifikasi,290,486,1958,507,1974,22,17,496.79,1965.49
1375,Tree - jenis belum teridentifikasi,74,606,1964,615,1979,10,16,610.72,1970.96
1376,Tree - jenis belum teridentifikasi,482,504,1951,535,1980,32,30,519.19,1966.09
1377,Tree - jenis belum teridentifikasi,105,353,1969,363,1986,11,18,357.5,1976.78
1378,Tree - jenis belum teridentifikasi,222,140,1971,158,1989,19,19,148.77,1980.55
1379,Tree - jenis belum teridentifikasi,66,454,1980,463,1988,10,9,458.85,1983.55
1380,Tree - jenis belum teridentifikasi,77,431,1982,440,1992,10,11,434.9,1986.55
1381,Tree - jenis belum teridentifikasi,845,374,1966,405,2015,32,50,388.75,1989.19
1382,Tree - jenis belum teridentifikasi,574,399,1969,427,2007,29,39,413.4,1989.9
1383,Tree - jenis belum teridentifikasi,282,319,1990,344,2007,26,18,330.67,1999.5
1384,Tree - jenis belum teridentifikasi,89,883,2000,895,2007,13,8,888.91,2003.31
1385,Tree - jenis belum teridentifikasi,553,1036,1992,1063,2016,28,25,1049.01,2004.96
1386,Tree - jenis belum teridentifikasi,92,1213,2001,1224,2011,12,11,1218.34,2005.85
1387,Tree - jenis belum teridentifikasi,493,2023,1992,2047,2021,25,30,2034.8,2005.83
1388,Tree - jenis belum teridentifikasi,189,347,1993,362,2012,16,20,355.14,2004.35
1389,Tree - jenis belum teridentifikasi,84,416,2007,426,2019,11,13,419.74,2011.99
1390,Tree - jenis belum teridentifikasi,116,609,2004,622,2018,14,15,615.8,2012.17
1391,Tree - jenis belum teridentifikasi,53,587,2011,595,2020,9,10,590.83,2015.36
1392,Tree - jenis belum teridentifikasi,446,322,2006,346,2031,25,26,334.54,2016.48
1393,Tree - jenis belum teridentifikasi,637,384,2002,406,2047,23,46,395.63,2026.13
1394,Tree - jenis belum teridentifikasi,638,244,2001,271,2036,28,36,257.9,2018.71
1395,Tree - jenis belum teridentifikasi,281,345,2012,364,2032,20,21,353.85,2022.0
1396,Tree - jenis belum teridentifikasi,394,655,2014,679,2038,25,25,664.96,2026.29
1397,Tree - jenis belum teridentifikasi,286,709,2009,726,2036,18,28,719.5,2024.36
1398,Tree - jenis belum teridentifikasi,38,432,2030,437,2039,6,10,434.61,2034.29
1399,Tree - jenis belum teridentifikasi,532,588,2023,616,2047,29,25,602.09,2033.8
1400,Tree - jenis belum teridentifikasi,104,679,2029,691,2039,13,11,684.66,2034.24
1401,Tree - jenis belum teridentifikasi,138,692,2027,707,2040,16,14,699.17,2034.07
1402,Tree - jenis belum teridentifikasi,34,285,2034,291,2041,7,8,288.06,2036.59
1403,Tree - jenis belum teridentifikasi,215,456,2026,474,2047,19,22,464.46,2036.09
1404,Tree - jenis belum teridentifikasi,914,331,2013,387,2047,57,35,360.99,2037.38
1405,Tree - jenis belum teridentifikasi,3468,476,2001,593,2047,118,47,537.45,2029.33
1406,Tree - jenis belum teridentifikasi,13,570,2025,570,2037,1,13,570.0,2031.0
1407,Tree - jenis belum teridentifikasi,1097,611,2012,656,2047,46,36,635.23,2033.27
