instance_id,tree_type,area_pixels,bbox_x,bbox_y,bbox_x2,bbox_y2,bbox_width,bbox_height,centroid_x,centroid_y
1,Tree - jenis belum teridentifikasi,32,881,7,885,14,5,8,882.88,9.97
2,Tree - jenis belum teridentifikasi,1101,1182,0,1246,26,65,27,1209.33,10.09
3,Tree - jenis belum teridentifikasi,2429,1370,0,1513,29,144,30,1435.56,9.66
4,Tree - jenis belum teridentifikasi,224,1436,10,1456,27,21,18,1446.08,18.46
5,Tree - jenis belum teridentifikasi,12,1464,10,1464,21,1,12,1464.0,15.5
6,Tree - jenis belum teridentifikasi,229,1482,10,1504,23,23,14,1491.1,17.1
7,Tree - jenis belum teridentifikasi,118,1503,7,1518,18,16,12,1510.69,12.3
8,Tree - jenis belum teridentifikasi,1308,1617,0,1670,43,54,44,1648.57,18.09
9,Tree - jenis belum teridentifikasi,314,1233,3,1254,27,22,25,1244.44,14.66
10,Tree - jenis belum teridentifikasi,201,1515,7,1533,23,19,17,1526.26,16.15
11,Tree - jenis belum teridentifikasi,1418,1525,0,1583,47,59,48,1552.42,18.22
12,Tree - jenis belum teridentifikasi,132,635,17,649,29,15,13,642.57,22.57
13,Tree - jenis belum teridentifikasi,165,1761,17,1772,38,12,22,1767.37,26.95
14,Tree - jenis belum teridentifikasi,1326,1152,0,1187,47,36,48,1168.28,22.42
15,Tree - jenis belum teridentifikasi,339,1792,14,1819,33,28,20,1806.67,23.95
16,Tree - jenis belum teridentifikasi,350,1834,16,1857,41,24,26,1846.03,26.61
17,Tree - jenis belum teridentifikasi,260,1858,20,1881,36,24,17,1868.02,28.22
18,Tree - jenis belum teridentifikasi,783,397,0,427,47,31,48,410.14,26.64
19,Tree - jenis belum teridentifikasi,112,1220,22,1233,32,14,11,1225.85,26.92
20,Tree - jenis belum teridentifikasi,2186,1389,14,1458,66,70,53,1423.96,39.66
21,Tree - jenis belum teridentifikasi,182,1684,17,1706,33,23,17,1696.09,25.32
22,Tree - jenis belum teridentifikasi,113,656,24,669,33,14,10,662.27,28.14
23,Tree - jenis belum teridentifikasi,451,1182,24,1219,50,38,27,1201.57,35.32
24,Tree - jenis belum teridentifikasi,73,449,28,460,39,12,12,453.18,32.36
25,Tree - jenis belum teridentifikasi,745,1251,10,1282,59,32,50,1270.71,32.16
26,Tree - jenis belum teridentifikasi,170,1455,22,1471,38,17,17,1461.15,30.74
27,Tree - jenis belum teridentifikasi,33,706,33,712,39,7,7,708.91,36.0
28,Tree - jenis belum teridentifikasi,226,1492,22,1512,42,21,21,1502.05,32.9
29,Tree - jenis belum teridentifikasi,102,427,30,441,41,15,12,434.01,36.4
30,Tree - jenis belum teridentifikasi,393,1881,28,1910,46,30,19,1894.49,36.56
31,Tree - jenis belum teridentifikasi,151,991,32,1005,46,15,15,997.3,38.62
32,Tree - jenis belum teridentifikasi,59,1823,36,1835,43,13,8,1827.8,39.59
33,Tree - jenis belum teridentifikasi,83,1783,33,1796,43,14,11,1789.13,39.02
34,Tree - jenis belum teridentifikasi,56,624,37,630,46,7,10,627.36,40.91
35,Tree - jenis belum teridentifikasi,134,464,34,479,46,16,13,471.31,40.19
36,Tree - jenis belum teridentifikasi,53,537,37,546,46,10,10,541.32,41.51
37,Tree - jenis belum teridentifikasi,35,560,39,567,45,8,7,562.83,42.0
38,Tree - jenis belum teridentifikasi,58,504,39,511,47,8,9,507.98,43.29
39,Tree - jenis belum teridentifikasi,95,1124,39,1135,48,12,10,1130.23,43.82
40,Tree - jenis belum teridentifikasi,193,1463,35,1476,51,14,17,1469.78,43.46
41,Tree - jenis belum teridentifikasi,35,650,43,659,47,10,5,654.71,44.86
42,Tree - jenis belum teridentifikasi,175,1281,31,1297,53,17,23,1288.35,41.82
43,Tree - jenis belum teridentifikasi,28,1804,46,1810,51,7,6,1806.54,49.25
44,Tree - jenis belum teridentifikasi,76,1655,44,1663,54,9,11,1659.71,49.21
45,Tree - jenis belum teridentifikasi,72,512,48,520,57,9,10,515.39,52.99
46,Tree - jenis belum teridentifikasi,334,1491,47,1515,74,25,28,1502.51,59.99
47,Tree - jenis belum teridentifikasi,317,1556,39,1577,63,22,25,1566.1,53.23
48,Tree - jenis belum teridentifikasi,36,498,53,504,59,7,7,500.72,56.0
49,Tree - jenis belum teridentifikasi,20,480,54,484,59,5,6,482.0,56.6
50,Tree - jenis belum teridentifikasi,54,1536,54,1549,61,14,8,1540.3,57.81
51,Tree - jenis belum teridentifikasi,44,1875,55,1883,63,9,9,1879.0,58.84
52,Tree - jenis belum teridentifikasi,80,414,53,425,63,12,11,419.77,58.56
53,Tree - jenis belum teridentifikasi,177,456,55,479,74,24,20,465.82,64.82
54,Tree - jenis belum teridentifikasi,559,1468,34,1495,72,28,39,1480.82,54.6
55,Tree - jenis belum teridentifikasi,464,1446,46,1471,78,26,33,1460.23,63.11
56,Tree - jenis belum teridentifikasi,613,2016,51,2047,82,32,32,2033.48,64.74
57,Tree - jenis belum teridentifikasi,48,691,65,696,74,6,10,693.17,69.08
58,Tree - jenis belum teridentifikasi,228,1312,55,1339,79,28,25,1327.54,68.14
59,Tree - jenis belum teridentifikasi,59,514,72,527,78,14,7,519.19,75.24
60,Tree - jenis belum teridentifikasi,55,712,70,720,78,9,9,716.13,74.49
61,Tree - jenis belum teridentifikasi,115,1009,73,1023,84,15,12,1016.43,78.83
62,Tree - jenis belum teridentifikasi,513,970,62,998,89,29,28,982.91,76.85
63,Tree - jenis belum teridentifikasi,95,1477,73,1486,85,10,13,1481.28,78.69
64,Tree - jenis belum teridentifikasi,111,1338,77,1350,90,13,14,1343.64,83.96
65,Tree - jenis belum teridentifikasi,474,1536,73,1560,103,25,31,1546.73,89.08
66,Tree - jenis belum teridentifikasi,136,1465,82,1479,95,15,14,1471.5,88.23
67,Tree - jenis belum teridentifikasi,42,624,86,629,95,6,10,626.4,90.88
68,Tree - jenis belum teridentifikasi,25,1114,92,1119,97,6,6,1116.92,94.2
69,Tree - jenis belum teridentifikasi,104,1148,88,1160,100,13,13,1153.39,93.71
70,Tree - jenis belum teridentifikasi,187,1160,88,1179,101,20,14,1170.43,94.35
71,Tree - jenis belum teridentifikasi,190,1354,89,1377,103,24,15,1367.16,94.7
72,Tree - jenis belum teridentifikasi,109,404,82,413,102,10,21,408.94,92.94
73,Tree - jenis belum teridentifikasi,43,558,94,565,105,8,12,561.67,98.14
74,Tree - jenis belum teridentifikasi,693,2020,86,2047,130,28,45,2037.7,103.91
75,Tree - jenis belum teridentifikasi,39,1573,97,1580,104,8,8,1576.62,100.33
76,Tree - jenis belum teridentifikasi,46,537,95,545,103,9,9,540.89,100.11
77,Tree - jenis belum teridentifikasi,97,575,98,591,106,17,9,583.74,102.32
78,Tree - jenis belum teridentifikasi,161,973,97,989,113,17,17,980.91,104.24
79,Tree - jenis belum teridentifikasi,125,1233,101,1250,110,18,10,1242.26,105.49
80,Tree - jenis belum teridentifikasi,77,1005,97,1013,113,9,17,1009.44,105.09
81,Tree - jenis belum teridentifikasi,36,1651,105,1663,110,13,6,1655.78,107.72
82,Tree - jenis belum teridentifikasi,49,1347,97,1354,111,8,15,1350.04,104.98
83,Tree - jenis belum teridentifikasi,29,464,107,470,111,7,5,466.69,109.24
84,Tree - jenis belum teridentifikasi,36,486,108,491,116,6,9,488.64,111.56
85,Tree - jenis belum teridentifikasi,1854,761,84,813,136,53,53,785.37,111.95
86,Tree - jenis belum teridentifikasi,91,564,105,575,115,12,11,568.8,109.44
87,Tree - jenis belum teridentifikasi,171,1160,101,1177,118,18,18,1168.14,110.09
88,Tree - jenis belum teridentifikasi,495,1370,97,1394,127,25,31,1382.92,112.51
89,Tree - jenis belum teridentifikasi,49,1529,111,1538,116,10,6,1533.65,113.53
90,Tree - jenis belum teridentifikasi,49,1636,113,1643,121,8,9,1639.53,116.55
91,Tree - jenis belum teridentifikasi,318,1177,109,1205,129,29,21,1191.35,118.69
92,Tree - jenis belum teridentifikasi,103,495,119,508,133,14,15,501.14,124.43
93,Tree - jenis belum teridentifikasi,208,541,113,561,131,21,19,552.35,122.48
94,Tree - jenis belum teridentifikasi,336,384,103,404,132,21,30,391.37,119.81
95,Tree - jenis belum teridentifikasi,100,1136,114,1149,126,14,13,1141.68,120.42
96,Tree - jenis belum teridentifikasi,69,578,116,586,127,9,12,581.77,122.22
97,Tree - jenis belum teridentifikasi,177,1296,119,1310,133,15,15,1302.86,125.5
98,Tree - jenis belum teridentifikasi,51,425,125,430,135,6,11,427.88,129.49
99,Tree - jenis belum teridentifikasi,196,470,121,487,134,18,14,478.88,128.15
100,Tree - jenis belum teridentifikasi,147,524,123,540,134,17,12,532.41,127.88
101,Tree - jenis belum teridentifikasi,203,1345,120,1363,136,19,17,1354.02,128.36
102,Tree - jenis belum teridentifikasi,953,1203,116,1255,152,53,37,1227.6,133.47
103,Tree - jenis belum teridentifikasi,345,1308,113,1341,141,34,29,1322.2,128.44
104,Tree - jenis belum teridentifikasi,451,801,121,826,147,26,27,814.91,134.42
105,Tree - jenis belum teridentifikasi,257,2024,123,2047,145,24,23,2034.96,134.92
106,Tree - jenis belum teridentifikasi,93,597,128,610,143,14,16,603.68,136.47
107,Tree - jenis belum teridentifikasi,521,450,122,482,154,33,33,466.02,141.57
108,Tree - jenis belum teridentifikasi,47,621,136,630,143,10,8,625.81,139.64
109,Tree - jenis belum teridentifikasi,40,1970,137,1977,143,8,7,1973.15,140.43
110,Tree - jenis belum teridentifikasi,101,1329,138,1341,147,13,10,1335.31,142.6
111,Tree - jenis belum teridentifikasi,194,1645,136,1663,152,19,17,1656.87,143.26
112,Tree - jenis belum teridentifikasi,195,553,136,574,153,22,18,562.26,144.19
113,Tree - jenis belum teridentifikasi,505,1350,132,1377,158,28,27,1362.05,144.95
114,Tree - jenis belum teridentifikasi,130,1380,133,1388,162,9,30,1384.5,149.42
115,Tree - jenis belum teridentifikasi,198,390,137,405,159,16,23,396.98,148.28
116,Tree - jenis belum teridentifikasi,410,406,134,436,169,31,36,419.41,152.29
117,Tree - jenis belum teridentifikasi,588,1179,131,1215,162,37,32,1193.14,148.64
118,Tree - jenis belum teridentifikasi,1419,463,120,516,191,54,72,494.54,159.8
119,Tree - jenis belum teridentifikasi,977,1124,118,1165,161,42,44,1145.12,144.83
120,Tree - jenis belum teridentifikasi,562,516,138,551,165,36,28,535.35,151.44
121,Tree - jenis belum teridentifikasi,31,2001,152,2006,158,6,7,2003.45,154.61
122,Tree - jenis belum teridentifikasi,195,463,150,481,168,19,19,473.08,157.33
123,Tree - jenis belum teridentifikasi,118,2034,146,2047,158,14,13,2041.3,152.6
124,Tree - jenis belum teridentifikasi,128,1287,150,1303,162,17,13,1293.41,156.14
125,Tree - jenis belum teridentifikasi,88,1656,156,1663,170,8,15,1660.4,162.15
126,Tree - jenis belum teridentifikasi,99,437,154,449,167,13,14,443.54,162.11
127,Tree - jenis belum teridentifikasi,1514,1244,137,1285,201,42,65,1264.93,166.13
128,Tree - jenis belum teridentifikasi,255,561,155,584,172,24,18,573.77,162.74
129,Tree - jenis belum teridentifikasi,47,1323,161,1327,171,5,11,1325.06,165.66
130,Tree - jenis belum teridentifikasi,232,400,156,420,175,21,20,410.2,165.63
131,Tree - jenis belum teridentifikasi,4086,753,135,835,216,83,82,796.92,172.67
132,Tree - jenis belum teridentifikasi,37,704,166,710,173,7,8,707.19,169.27
133,Tree - jenis belum teridentifikasi,133,550,169,560,191,11,23,556.05,178.71
134,Tree - jenis belum teridentifikasi,474,1354,159,1383,193,30,35,1367.76,174.16
135,Tree - jenis belum teridentifikasi,217,391,166,404,186,14,21,396.77,175.65
136,Tree - jenis belum teridentifikasi,779,509,156,542,201,34,46,524.86,176.65
137,Tree - jenis belum teridentifikasi,154,539,172,549,195,11,24,544.54,181.81
138,Tree - jenis belum teridentifikasi,71,1316,171,1326,180,11,10,1321.58,175.61
139,Tree - jenis belum teridentifikasi,48,565,176,573,183,9,8,568.52,179.48
140,Tree - jenis belum teridentifikasi,146,603,178,621,188,19,11,611.95,182.76
141,Tree - jenis belum teridentifikasi,5049,1427,153,1529,222,103,70,1480.46,186.5
142,Tree - jenis belum teridentifikasi,321,1281,173,1310,197,30,25,1296.06,185.69
143,Tree - jenis belum teridentifikasi,25,742,187,749,191,8,5,745.68,188.96
144,Tree - jenis belum teridentifikasi,251,384,160,395,202,12,43,387.25,182.8
145,Tree - jenis belum teridentifikasi,79,701,186,711,198,11,13,705.71,192.16
146,Tree - jenis belum teridentifikasi,427,400,182,422,208,23,27,410.2,194.83
147,Tree - jenis belum teridentifikasi,133,1321,186,1338,199,18,14,1328.74,193.86
148,Tree - jenis belum teridentifikasi,617,487,180,524,212,38,33,505.22,196.53
149,Tree - jenis belum teridentifikasi,45,565,192,574,199,10,8,568.87,194.69
150,Tree - jenis belum teridentifikasi,59,1719,191,1730,197,12,7,1724.19,193.78
151,Tree - jenis belum teridentifikasi,70,1350,191,1362,198,13,8,1356.26,194.66
152,Tree - jenis belum teridentifikasi,78,468,192,484,198,17,7,475.71,194.82
153,Tree - jenis belum teridentifikasi,117,454,185,464,202,11,18,459.99,194.03
154,Tree - jenis belum teridentifikasi,149,588,185,599,206,12,22,593.62,196.5
155,Tree - jenis belum teridentifikasi,146,1284,196,1301,210,18,15,1291.95,202.36
156,Tree - jenis belum teridentifikasi,75,32,204,37,218,6,15,34.13,211.4
157,Tree - jenis belum teridentifikasi,102,555,203,566,214,12,12,561.09,208.56
158,Tree - jenis belum teridentifikasi,70,294,206,302,215,9,10,298.31,210.71
159,Tree - jenis belum teridentifikasi,57,675,207,679,222,5,16,677.16,214.02
160,Tree - jenis belum teridentifikasi,83,746,205,756,215,11,11,751.04,210.69
161,Tree - jenis belum teridentifikasi,158,516,204,534,220,19,17,526.23,213.21
162,Tree - jenis belum teridentifikasi,460,599,192,624,230,26,39,611.3,213.35
163,Tree - jenis belum teridentifikasi,452,384,209,422,238,39,30,404.39,223.07
164,Tree - jenis belum teridentifikasi,146,432,213,444,227,13,15,438.2,220.03
165,Tree - jenis belum teridentifikasi,131,693,212,703,228,11,17,698.08,220.11
166,Tree - jenis belum teridentifikasi,34,313,218,320,222,8,5,315.94,220.03
167,Tree - jenis belum teridentifikasi,212,444,213,470,229,27,17,454.73,220.82
168,Tree - jenis belum teridentifikasi,230,473,217,499,235,27,19,485.66,225.73
169,Tree - jenis belum teridentifikasi,83,629,224,639,234,11,11,634.42,228.98
170,Tree - jenis belum teridentifikasi,295,530,219,547,247,18,29,539.0,232.43
171,Tree - jenis belum teridentifikasi,90,643,224,651,236,9,13,646.92,230.26
172,Tree - jenis belum teridentifikasi,382,503,220,530,247,28,28,515.8,233.05
173,Tree - jenis belum teridentifikasi,95,661,227,672,239,12,13,666.38,232.75
174,Tree - jenis belum teridentifikasi,103,549,225,560,244,12,20,554.52,235.02
175,Tree - jenis belum teridentifikasi,138,675,228,696,240,22,13,686.88,234.67
176,Tree - jenis belum teridentifikasi,327,576,224,609,246,34,23,591.99,233.83
177,Tree - jenis belum teridentifikasi,87,493,225,503,240,11,16,497.71,234.3
178,Tree - jenis belum teridentifikasi,245,394,232,411,254,18,23,402.99,242.16
179,Tree - jenis belum teridentifikasi,296,418,230,447,248,30,19,431.42,239.41
180,Tree - jenis belum teridentifikasi,101,456,233,472,245,17,13,465.92,239.46
181,Tree - jenis belum teridentifikasi,60,623,232,632,246,10,15,626.18,240.67
182,Tree - jenis belum teridentifikasi,157,560,235,575,253,16,19,569.17,245.15
183,Tree - jenis belum teridentifikasi,75,541,247,552,255,12,9,546.88,250.56
184,Tree - jenis belum teridentifikasi,106,677,243,688,256,12,14,682.44,250.01
185,Tree - jenis belum teridentifikasi,221,1598,242,1616,260,19,19,1605.18,251.67
186,Tree - jenis belum teridentifikasi,200,647,238,665,259,19,22,657.65,250.87
187,Tree - jenis belum teridentifikasi,312,692,240,716,260,25,21,704.76,251.75
188,Tree - jenis belum teridentifikasi,224,384,239,395,264,12,26,388.17,252.57
189,Tree - jenis belum teridentifikasi,79,467,253,479,265,13,13,472.63,259.1
190,Tree - jenis belum teridentifikasi,360,612,247,637,282,26,36,622.85,261.55
191,Tree - jenis belum teridentifikasi,121,639,254,651,270,13,17,644.58,261.78
192,Tree - jenis belum teridentifikasi,181,392,256,414,272,23,17,403.24,263.35
193,Tree - jenis belum teridentifikasi,452,507,243,540,277,34,35,525.75,261.71
194,Tree - jenis belum teridentifikasi,470,768,249,798,276,31,28,779.79,262.74
195,Tree - jenis belum teridentifikasi,346,478,246,506,278,29,33,491.47,260.51
196,Tree - jenis belum teridentifikasi,548,1600,259,1634,282,35,24,1616.13,270.23
197,Tree - jenis belum teridentifikasi,277,560,253,586,274,27,22,571.86,263.6
198,Tree - jenis belum teridentifikasi,69,429,264,439,275,11,12,433.32,269.8
199,Tree - jenis belum teridentifikasi,188,598,253,612,277,15,25,605.9,268.24
200,Tree - jenis belum teridentifikasi,124,647,266,663,277,17,12,655.22,271.21
201,Tree - jenis belum teridentifikasi,452,536,256,564,283,29,28,550.58,271.86
202,Tree - jenis belum teridentifikasi,478,577,256,600,297,24,42,588.47,277.13
203,Tree - jenis belum teridentifikasi,108,397,272,410,286,14,15,403.97,278.93
204,Tree - jenis belum teridentifikasi,578,670,256,698,289,29,34,683.47,273.26
205,Tree - jenis belum teridentifikasi,64,422,278,431,290,10,13,425.91,283.31
206,Tree - jenis belum teridentifikasi,110,766,270,774,286,9,17,769.57,278.94
207,Tree - jenis belum teridentifikasi,117,495,279,507,290,13,12,501.54,284.19
208,Tree - jenis belum teridentifikasi,1693,683,260,742,311,60,52,713.51,285.92
209,Tree - jenis belum teridentifikasi,107,435,280,454,291,20,12,444.71,285.27
210,Tree - jenis belum teridentifikasi,172,592,287,607,306,16,20,599.17,295.75
211,Tree - jenis belum teridentifikasi,61,2010,288,2019,296,10,9,2014.03,291.57
212,Tree - jenis belum teridentifikasi,335,513,281,535,302,23,22,523.51,291.47
213,Tree - jenis belum teridentifikasi,386,461,278,491,309,31,32,477.26,293.49
214,Tree - jenis belum teridentifikasi,44,426,289,431,298,6,10,428.45,294.25
215,Tree - jenis belum teridentifikasi,274,532,290,553,310,22,21,544.14,298.62
216,Tree - jenis belum teridentifikasi,425,562,279,586,308,25,30,572.22,295.2
217,Tree - jenis belum teridentifikasi,893,656,281,691,327,36,47,675.4,304.7
218,Tree - jenis belum teridentifikasi,753,613,271,651,313,39,43,633.14,295.28
219,Tree - jenis belum teridentifikasi,272,741,288,765,311,25,24,752.83,301.4
220,Tree - jenis belum teridentifikasi,31,2030,307,2037,312,8,6,2033.48,309.45
221,Tree - jenis belum teridentifikasi,316,519,299,540,326,22,28,529.97,313.56
222,Tree - jenis belum teridentifikasi,309,728,310,750,337,23,28,739.9,319.41
223,Tree - jenis belum teridentifikasi,77,472,311,482,322,11,12,477.26,316.03
224,Tree - jenis belum teridentifikasi,118,1967,305,1981,322,15,18,1973.12,315.52
225,Tree - jenis belum teridentifikasi,242,395,301,414,324,20,24,401.42,312.72
226,Tree - jenis belum teridentifikasi,583,691,302,720,332,30,31,703.72,315.83
227,Tree - jenis belum teridentifikasi,398,441,305,468,331,28,27,453.27,318.99
228,Tree - jenis belum teridentifikasi,691,573,300,621,336,49,37,598.3,318.51
229,Tree - jenis belum teridentifikasi,549,546,303,575,339,30,37,559.5,324.33
230,Tree - jenis belum teridentifikasi,347,483,309,509,335,27,27,495.56,321.41
231,Tree - jenis belum teridentifikasi,178,1951,313,1966,330,16,18,1958.44,323.12
232,Tree - jenis belum teridentifikasi,134,2009,320,2022,336,14,17,2014.4,328.41
233,Tree - jenis belum teridentifikasi,199,609,320,626,344,18,25,619.58,329.71
234,Tree - jenis belum teridentifikasi,216,401,320,416,337,16,18,409.02,329.11
235,Tree - jenis belum teridentifikasi,176,468,323,486,340,19,18,476.02,331.64
236,Tree - jenis belum teridentifikasi,103,1981,324,1992,335,12,12,1986.86,330.57
237,Tree - jenis belum teridentifikasi,543,696,320,730,348,35,29,715.8,335.18
238,Tree - jenis belum teridentifikasi,116,534,329,548,341,15,13,541.09,335.45
239,Tree - jenis belum teridentifikasi,599,2007,322,2047,356,41,35,2029.5,338.89
240,Tree - jenis belum teridentifikasi,900,667,326,696,369,30,44,679.85,345.22
241,Tree - jenis belum teridentifikasi,247,1996,334,2014,367,19,34,2004.22,350.66
242,Tree - jenis belum teridentifikasi,1643,1627,318,1672,367,46,50,1648.59,341.66
243,Tree - jenis belum teridentifikasi,237,1968,333,1992,353,25,21,1979.14,344.2
244,Tree - jenis belum teridentifikasi,187,517,335,532,354,16,20,524.98,344.41
245,Tree - jenis belum teridentifikasi,162,590,337,612,352,23,16,602.01,345.85
246,Tree - jenis belum teridentifikasi,1512,626,308,672,370,47,63,648.1,337.7
247,Tree - jenis belum teridentifikasi,493,487,329,519,363,33,35,503.17,346.6
248,Tree - jenis belum teridentifikasi,357,420,331,461,354,42,24,444.48,341.95
249,Tree - jenis belum teridentifikasi,33,538,343,544,351,7,9,541.15,347.58
250,Tree - jenis belum teridentifikasi,822,384,331,418,368,35,38,400.44,348.88
251,Tree - jenis belum teridentifikasi,352,466,341,490,368,25,28,479.39,353.42
252,Tree - jenis belum teridentifikasi,101,612,346,627,357,16,12,620.3,350.95
253,Tree - jenis belum teridentifikasi,70,573,347,583,356,11,10,578.07,352.46
254,Tree - jenis belum teridentifikasi,192,549,346,569,361,21,16,559.41,354.59
255,Tree - jenis belum teridentifikasi,31,122,353,127,359,6,7,124.84,356.1
256,Tree - jenis belum teridentifikasi,466,692,348,719,371,28,24,708.36,358.39
257,Tree - jenis belum teridentifikasi,325,1973,351,2001,370,29,20,1986.74,359.71
258,Tree - jenis belum teridentifikasi,130,1956,358,1970,371,15,14,1962.6,364.57
259,Tree - jenis belum teridentifikasi,377,401,355,426,379,26,25,415.02,368.09
260,Tree - jenis belum teridentifikasi,172,503,357,518,375,16,19,510.92,365.12
261,Tree - jenis belum teridentifikasi,223,591,356,610,374,20,19,601.0,364.99
262,Tree - jenis belum teridentifikasi,57,1917,361,1924,372,8,12,1920.32,366.12
263,Tree - jenis belum teridentifikasi,439,428,355,454,384,27,30,440.86,369.17
264,Tree - jenis belum teridentifikasi,224,533,360,553,377,21,18,543.97,367.75
265,Tree - jenis belum teridentifikasi,182,680,361,700,375,21,15,691.32,368.76
266,Tree - jenis belum teridentifikasi,71,2014,365,2024,374,11,10,2019.01,369.06
267,Tree - jenis belum teridentifikasi,226,725,356,743,376,19,21,735.12,368.15
268,Tree - jenis belum teridentifikasi,243,441,367,479,399,39,33,463.03,382.27
269,Tree - jenis belum teridentifikasi,698,637,362,672,394,36,33,655.08,375.51
270,Tree - jenis belum teridentifikasi,233,705,371,724,389,20,19,713.84,378.49
271,Tree - jenis belum teridentifikasi,301,613,358,632,383,20,26,622.53,372.96
272,Tree - jenis belum teridentifikasi,126,476,372,494,383,19,12,484.44,379.16
273,Tree - jenis belum teridentifikasi,66,499,377,509,383,11,7,504.23,380.35
274,Tree - jenis belum teridentifikasi,233,532,377,555,395,24,19,544.62,385.31
275,Tree - jenis belum teridentifikasi,234,586,374,602,397,17,24,595.18,384.96
276,Tree - jenis belum teridentifikasi,58,930,384,941,390,12,7,935.29,386.09
277,Tree - jenis belum teridentifikasi,155,1913,372,1924,391,12,20,1918.45,383.75
278,Tree - jenis belum teridentifikasi,119,914,384,929,393,16,10,920.95,387.57
279,Tree - jenis belum teridentifikasi,299,624,381,649,395,26,15,635.92,388.36
280,Tree - jenis belum teridentifikasi,335,689,380,708,403,20,24,697.57,391.4
281,Tree - jenis belum teridentifikasi,186,1925,383,1937,402,13,20,1931.75,391.04
282,Tree - jenis belum teridentifikasi,209,993,384,1012,396,20,13,1002.22,389.0
283,Tree - jenis belum teridentifikasi,449,384,377,407,403,24,27,396.39,391.48
284,Tree - jenis belum teridentifikasi,1007,555,358,589,412,35,55,569.51,385.47
285,Tree - jenis belum teridentifikasi,113,600,386,610,402,11,17,605.41,394.33
286,Tree - jenis belum teridentifikasi,353,505,385,542,407,38,23,524.3,398.71
287,Tree - jenis belum teridentifikasi,31,1036,394,1043,399,8,6,1039.29,396.74
288,Tree - jenis belum teridentifikasi,93,476,389,487,402,12,14,482.49,395.95
289,Tree - jenis belum teridentifikasi,36,53,397,60,405,8,9,55.78,400.89
290,Tree - jenis belum teridentifikasi,354,611,391,635,414,25,24,624.41,401.83
291,Tree - jenis belum teridentifikasi,634,664,372,689,411,26,40,678.04,394.48
292,Tree - jenis belum teridentifikasi,37,984,401,990,406,7,6,987.24,403.51
293,Tree - jenis belum teridentifikasi,2647,1938,371,2003,429,66,59,1974.19,402.44
294,Tree - jenis belum teridentifikasi,118,499,398,512,412,14,15,504.14,405.85
295,Tree - jenis belum teridentifikasi,537,636,392,664,418,29,27,648.9,405.36
296,Tree - jenis belum teridentifikasi,265,693,403,706,427,14,25,699.2,414.12
297,Tree - jenis belum teridentifikasi,308,384,403,403,428,20,26,392.91,413.32
298,Tree - jenis belum teridentifikasi,193,593,402,607,422,15,21,601.21,411.89
299,Tree - jenis belum teridentifikasi,58,404,405,415,414,12,10,410.95,410.43
300,Tree - jenis belum teridentifikasi,3030,2004,382,2047,486,44,105,2029.72,422.2
301,Tree - jenis belum teridentifikasi,199,464,405,485,425,22,21,475.59,413.48
302,Tree - jenis belum teridentifikasi,200,525,406,539,425,15,20,532.03,414.27
303,Tree - jenis belum teridentifikasi,1874,1706,389,1778,449,73,61,1742.65,415.64
304,Tree - jenis belum teridentifikasi,716,640,410,685,439,46,30,663.76,422.45
305,Tree - jenis belum teridentifikasi,731,531,400,563,450,33,51,547.07,425.84
306,Tree - jenis belum teridentifikasi,286,0,403,16,427,17,25,6.01,414.06
307,Tree - jenis belum teridentifikasi,605,1091,412,1131,439,41,28,1109.0,425.14
308,Tree - jenis belum teridentifikasi,94,563,420,574,431,12,12,569.15,425.1
309,Tree - jenis belum teridentifikasi,453,1370,415,1390,441,21,27,1379.56,428.0
310,Tree - jenis belum teridentifikasi,166,514,417,528,432,15,16,520.84,424.92
311,Tree - jenis belum teridentifikasi,112,615,421,624,439,10,19,619.59,429.21
312,Tree - jenis belum teridentifikasi,219,495,411,515,436,21,26,505.33,426.03
313,Tree - jenis belum teridentifikasi,375,1800,421,1827,439,28,19,1812.91,429.71
314,Tree - jenis belum teridentifikasi,141,683,428,699,442,17,15,690.65,433.89
315,Tree - jenis belum teridentifikasi,295,461,423,483,442,23,20,471.79,432.97
316,Tree - jenis belum teridentifikasi,2702,889,405,950,474,62,70,919.74,435.83
317,Tree - jenis belum teridentifikasi,329,175,426,201,447,27,22,186.4,436.36
318,Tree - jenis belum teridentifikasi,330,337,428,368,444,32,17,353.54,434.62
319,Tree - jenis belum teridentifikasi,272,374,428,396,446,23,19,385.58,436.31
320,Tree - jenis belum teridentifikasi,391,52,425,73,446,22,22,63.21,434.67
321,Tree - jenis belum teridentifikasi,479,23,427,52,448,30,22,38.08,436.75
322,Tree - jenis belum teridentifikasi,315,104,416,118,445,15,30,111.2,431.35
323,Tree - jenis belum teridentifikasi,181,663,431,682,444,20,14,673.53,437.91
324,Tree - jenis belum teridentifikasi,483,128,428,171,444,44,17,149.8,435.91
325,Tree - jenis belum teridentifikasi,1307,204,428,270,470,67,43,232.12,442.44
326,Tree - jenis belum teridentifikasi,45,575,441,585,446,11,6,579.64,443.38
327,Tree - jenis belum teridentifikasi,265,260,430,285,448,26,19,271.94,439.79
328,Tree - jenis belum teridentifikasi,615,287,428,334,456,48,29,311.19,440.07
329,Tree - jenis belum teridentifikasi,280,395,433,416,453,22,21,405.27,443.02
330,Tree - jenis belum teridentifikasi,364,425,438,457,458,33,21,442.95,446.5
331,Tree - jenis belum teridentifikasi,2404,1046,405,1096,475,51,71,1073.79,441.75
332,Tree - jenis belum teridentifikasi,491,1148,437,1181,461,34,25,1163.71,447.35
333,Tree - jenis belum teridentifikasi,857,73,426,108,467,36,42,90.0,444.04
334,Tree - jenis belum teridentifikasi,380,119,436,143,464,25,29,129.66,450.54
335,Tree - jenis belum teridentifikasi,593,499,430,530,461,32,32,513.19,445.06
336,Tree - jenis belum teridentifikasi,254,2013,440,2037,458,25,19,2022.35,449.99
337,Tree - jenis belum teridentifikasi,374,480,437,501,466,22,30,491.02,450.71
338,Tree - jenis belum teridentifikasi,311,354,436,378,458,25,23,367.61,448.25
339,Tree - jenis belum teridentifikasi,258,0,437,15,463,16,27,6.88,451.13
340,Tree - jenis belum teridentifikasi,230,161,439,175,460,15,22,168.09,449.75
341,Tree - jenis belum teridentifikasi,138,319,445,337,457,19,13,328.01,451.78
342,Tree - jenis belum teridentifikasi,93,675,443,685,457,11,15,681.17,450.16
343,Tree - jenis belum teridentifikasi,125,339,445,352,457,14,13,346.23,451.58
344,Tree - jenis belum teridentifikasi,302,142,444,161,464,20,21,151.66,453.01
345,Tree - jenis belum teridentifikasi,396,276,440,302,467,27,28,290.57,452.07
346,Tree - jenis belum teridentifikasi,36,560,451,566,457,7,7,563.03,453.69
347,Tree - jenis belum teridentifikasi,21,997,452,1003,456,7,5,1000.19,454.0
348,Tree - jenis belum teridentifikasi,132,109,449,123,461,15,13,115.61,455.41
349,Tree - jenis belum teridentifikasi,1620,1096,434,1141,482,46,49,1115.41,460.62
350,Tree - jenis belum teridentifikasi,412,247,449,274,474,28,26,259.19,460.45
351,Tree - jenis belum teridentifikasi,154,175,453,192,464,18,12,184.27,458.92
352,Tree - jenis belum teridentifikasi,338,200,451,222,476,23,26,212.01,462.51
353,Tree - jenis belum teridentifikasi,409,15,444,44,474,30,31,31.88,456.84
354,Tree - jenis belum teridentifikasi,1410,42,446,91,490,50,45,65.45,466.36
355,Tree - jenis belum teridentifikasi,212,372,458,390,477,19,20,382.62,468.45
356,Tree - jenis belum teridentifikasi,668,302,452,348,483,47,32,329.23,469.47
357,Tree - jenis belum teridentifikasi,891,507,448,545,493,39,46,523.76,468.36
358,Tree - jenis belum teridentifikasi,295,151,459,175,477,25,19,164.08,467.87
359,Tree - jenis belum teridentifikasi,283,352,459,372,486,21,28,363.88,471.93
360,Tree - jenis belum teridentifikasi,333,391,455,414,478,24,24,402.39,467.22
361,Tree - jenis belum teridentifikasi,367,96,461,120,485,25,25,109.31,471.58
362,Tree - jenis belum teridentifikasi,107,1024,467,1035,480,12,14,1029.63,473.33
363,Tree - jenis belum teridentifikasi,293,179,463,208,483,30,21,195.98,472.82
364,Tree - jenis belum teridentifikasi,317,119,464,144,483,26,20,130.48,474.19
365,Tree - jenis belum teridentifikasi,222,268,464,288,483,21,20,277.95,473.26
366,Tree - jenis belum teridentifikasi,22,670,474,675,478,6,5,672.77,476.36
367,Tree - jenis belum teridentifikasi,115,1149,468,1157,489,9,22,1153.42,478.44
368,Tree - jenis belum teridentifikasi,176,285,467,305,484,21,18,296.7,477.32
369,Tree - jenis belum teridentifikasi,417,208,471,237,494,30,24,222.78,481.04
370,Tree - jenis belum teridentifikasi,135,1050,475,1062,487,13,13,1055.67,481.24
371,Tree - jenis belum teridentifikasi,168,174,475,190,489,17,15,182.01,482.33
372,Tree - jenis belum teridentifikasi,145,427,469,440,488,14,20,434.28,480.71
373,Tree - jenis belum teridentifikasi,910,7,464,39,504,33,41,23.62,483.72
374,Tree - jenis belum teridentifikasi,449,466,462,496,496,31,35,481.7,481.61
375,Tree - jenis belum teridentifikasi,78,2009,476,2019,486,11,11,2014.55,481.56
376,Tree - jenis belum teridentifikasi,355,136,473,159,496,24,24,146.99,485.54
377,Tree - jenis belum teridentifikasi,166,499,464,508,491,10,28,503.39,479.44
378,Tree - jenis belum teridentifikasi,157,534,473,548,491,15,19,541.05,483.13
379,Tree - jenis belum teridentifikasi,106,550,480,567,491,18,12,558.73,485.62
380,Tree - jenis belum teridentifikasi,111,1878,480,1890,493,13,14,1883.77,487.09
381,Tree - jenis belum teridentifikasi,191,190,483,212,496,23,14,200.84,490.26
382,Tree - jenis belum teridentifikasi,540,393,478,429,504,37,27,407.67,489.44
383,Tree - jenis belum teridentifikasi,242,109,483,131,497,23,15,120.54,490.1
384,Tree - jenis belum teridentifikasi,237,445,484,462,503,18,20,453.05,492.17
385,Tree - jenis belum teridentifikasi,275,272,483,290,503,19,21,281.48,492.24
386,Tree - jenis belum teridentifikasi,223,302,484,320,503,19,20,309.5,493.69
387,Tree - jenis belum teridentifikasi,222,159,480,181,500,23,21,171.2,490.22
388,Tree - jenis belum teridentifikasi,406,937,482,958,508,22,27,948.73,495.67
389,Tree - jenis belum teridentifikasi,348,372,478,394,508,23,31,381.66,495.21
390,Tree - jenis belum teridentifikasi,94,185,495,196,505,12,11,191.04,499.53
391,Tree - jenis belum teridentifikasi,232,62,491,75,508,14,18,68.84,499.73
392,Tree - jenis belum teridentifikasi,167,902,495,923,507,22,13,910.96,501.25
393,Tree - jenis belum teridentifikasi,108,1000,497,1010,508,11,12,1004.57,502.58
394,Tree - jenis belum teridentifikasi,154,1011,496,1026,508,16,13,1019.39,501.59
395,Tree - jenis belum teridentifikasi,218,40,492,54,516,15,25,48.23,503.67
396,Tree - jenis belum teridentifikasi,963,238,470,277,516,40,47,257.52,494.71
397,Tree - jenis belum teridentifikasi,261,329,496,345,518,17,23,337.97,506.01
398,Tree - jenis belum teridentifikasi,1005,1145,488,1193,520,49,33,1169.79,505.14
399,Tree - jenis belum teridentifikasi,724,76,473,104,517,29,45,88.48,496.55
400,Tree - jenis belum teridentifikasi,460,116,496,144,518,29,23,130.39,506.63
401,Tree - jenis belum teridentifikasi,298,353,488,374,516,22,29,361.79,503.03
402,Tree - jenis belum teridentifikasi,315,919,498,945,520,27,23,933.38,508.13
403,Tree - jenis belum teridentifikasi,526,221,488,249,524,29,37,234.37,506.63
404,Tree - jenis belum teridentifikasi,880,94,491,127,536,34,46,107.42,514.94
405,Tree - jenis belum teridentifikasi,93,848,508,856,521,9,14,851.53,513.96
406,Tree - jenis belum teridentifikasi,350,1654,505,1676,527,23,23,1664.81,513.95
407,Tree - jenis belum teridentifikasi,735,270,499,311,534,42,36,289.72,517.92
408,Tree - jenis belum teridentifikasi,120,495,512,511,520,17,9,503.5,515.23
409,Tree - jenis belum teridentifikasi,1068,940,481,978,532,39,52,963.06,512.15
410,Tree - jenis belum teridentifikasi,96,17,513,27,528,11,16,22.57,518.73
411,Tree - jenis belum teridentifikasi,238,466,509,485,526,20,18,475.74,517.58
412,Tree - jenis belum teridentifikasi,119,1316,508,1325,525,10,18,1320.72,516.65
413,Tree - jenis belum teridentifikasi,1444,978,503,1028,541,51,39,1001.08,522.67
414,Tree - jenis belum teridentifikasi,770,187,499,224,536,38,38,205.31,518.09
415,Tree - jenis belum teridentifikasi,974,155,495,183,543,29,49,166.47,519.57
416,Tree - jenis belum teridentifikasi,1024,381,503,439,541,59,39,405.88,520.52
417,Tree - jenis belum teridentifikasi,537,52,511,74,542,23,32,62.44,525.77
418,Tree - jenis belum teridentifikasi,420,241,515,265,538,25,24,252.96,526.95
419,Tree - jenis belum teridentifikasi,213,625,522,647,535,23,14,636.25,529.11
420,Tree - jenis belum teridentifikasi,666,125,506,154,544,30,39,140.76,526.83
421,Tree - jenis belum teridentifikasi,500,355,516,383,544,29,29,369.52,530.65
422,Tree - jenis belum teridentifikasi,34,608,527,615,532,8,6,611.82,529.97
423,Tree - jenis belum teridentifikasi,340,424,524,454,543,31,20,437.61,533.03
424,Tree - jenis belum teridentifikasi,264,462,526,480,545,19,20,472.5,535.19
425,Tree - jenis belum teridentifikasi,1552,1028,511,1078,554,51,44,1055.24,531.58
426,Tree - jenis belum teridentifikasi,305,332,519,348,551,17,33,341.12,534.38
427,Tree - jenis belum teridentifikasi,186,411,530,425,550,15,21,418.49,539.85
428,Tree - jenis belum teridentifikasi,616,19,519,51,548,33,30,38.09,533.95
429,Tree - jenis belum teridentifikasi,192,222,530,239,545,18,16,231.53,537.72
430,Tree - jenis belum teridentifikasi,1217,70,517,113,563,44,47,90.53,542.12
431,Tree - jenis belum teridentifikasi,195,109,537,125,556,17,20,115.56,544.38
432,Tree - jenis belum teridentifikasi,259,173,523,191,549,19,27,182.15,537.5
433,Tree - jenis belum teridentifikasi,370,272,532,294,555,23,24,283.7,543.39
434,Tree - jenis belum teridentifikasi,341,240,538,266,556,27,19,253.26,547.26
435,Tree - jenis belum teridentifikasi,675,434,534,473,562,40,29,451.91,548.16
436,Tree - jenis belum teridentifikasi,301,147,540,166,564,20,25,155.78,550.99
437,Tree - jenis belum teridentifikasi,156,312,545,332,558,21,14,320.29,550.95
438,Tree - jenis belum teridentifikasi,3507,1094,507,1188,575,95,69,1142.8,543.18
439,Tree - jenis belum teridentifikasi,228,193,540,210,558,18,19,202.31,550.05
440,Tree - jenis belum teridentifikasi,519,379,536,400,570,22,35,389.46,553.73
441,Tree - jenis belum teridentifikasi,165,1069,547,1086,560,18,14,1077.41,553.88
442,Tree - jenis belum teridentifikasi,99,13,543,24,559,12,17,18.26,552.56
443,Tree - jenis belum teridentifikasi,147,180,548,193,562,14,15,186.73,554.74
444,Tree - jenis belum teridentifikasi,191,613,548,634,561,22,14,623.77,555.16
445,Tree - jenis belum teridentifikasi,292,474,535,491,567,18,33,482.89,553.24
446,Tree - jenis belum teridentifikasi,281,287,548,305,579,19,32,297.38,561.76
447,Tree - jenis belum teridentifikasi,110,26,551,36,567,11,17,31.58,559.87
448,Tree - jenis belum teridentifikasi,384,157,552,184,577,28,26,170.86,562.94
449,Tree - jenis belum teridentifikasi,156,270,556,287,569,18,14,277.92,562.74
450,Tree - jenis belum teridentifikasi,827,111,545,149,580,39,36,130.14,563.33
451,Tree - jenis belum teridentifikasi,468,347,549,380,580,34,32,366.24,563.2
452,Tree - jenis belum teridentifikasi,1020,39,543,84,578,46,36,63.39,561.01
453,Tree - jenis belum teridentifikasi,919,196,540,243,576,48,37,218.49,560.81
454,Tree - jenis belum teridentifikasi,383,393,549,424,575,32,27,406.1,562.66
455,Tree - jenis belum teridentifikasi,233,331,559,348,576,18,18,340.26,566.74
456,Tree - jenis belum teridentifikasi,142,257,560,270,575,14,16,264.49,568.22
457,Tree - jenis belum teridentifikasi,155,475,566,491,580,17,15,482.74,572.46
458,Tree - jenis belum teridentifikasi,660,78,564,108,599,31,36,91.51,578.28
459,Tree - jenis belum teridentifikasi,219,460,564,476,585,17,22,468.0,573.83
460,Tree - jenis belum teridentifikasi,3669,1634,512,1701,609,68,98,1667.25,560.05
461,Tree - jenis belum teridentifikasi,383,491,549,511,581,21,33,502.86,565.68
462,Tree - jenis belum teridentifikasi,615,408,556,436,587,29,32,423.74,572.32
463,Tree - jenis belum teridentifikasi,92,308,572,321,582,14,11,314.91,577.39
464,Tree - jenis belum teridentifikasi,231,268,570,296,582,29,13,280.46,576.16
465,Tree - jenis belum teridentifikasi,356,100,570,124,588,25,19,113.1,579.55
466,Tree - jenis belum teridentifikasi,569,17,567,45,605,29,39,31.41,584.03
467,Tree - jenis belum teridentifikasi,122,229,575,240,586,12,12,234.19,580.38
468,Tree - jenis belum teridentifikasi,268,239,565,259,586,21,22,247.3,576.42
469,Tree - jenis belum teridentifikasi,350,177,570,200,592,24,23,187.97,580.92
470,Tree - jenis belum teridentifikasi,408,323,569,361,589,39,21,342.69,580.7
471,Tree - jenis belum teridentifikasi,176,155,576,170,591,16,16,161.36,583.06
472,Tree - jenis belum teridentifikasi,214,1153,581,1175,595,23,15,1164.65,588.74
473,Tree - jenis belum teridentifikasi,130,204,583,217,599,14,17,210.48,590.36
474,Tree - jenis belum teridentifikasi,453,356,580,389,602,34,23,372.95,589.77
475,Tree - jenis belum teridentifikasi,695,39,576,77,610,39,35,60.2,589.92
476,Tree - jenis belum teridentifikasi,352,161,587,189,605,29,19,174.6,595.69
477,Tree - jenis belum teridentifikasi,274,216,586,244,602,29,17,228.39,593.49
478,Tree - jenis belum teridentifikasi,233,337,589,359,603,23,15,347.64,595.5
479,Tree - jenis belum teridentifikasi,164,253,589,275,601,23,13,266.04,595.61
480,Tree - jenis belum teridentifikasi,1898,422,560,485,620,64,61,450.25,590.53
481,Tree - jenis belum teridentifikasi,282,375,591,401,608,27,18,389.44,600.32
482,Tree - jenis belum teridentifikasi,195,603,584,621,606,19,23,612.86,595.53
483,Tree - jenis belum teridentifikasi,217,288,589,300,613,13,25,292.58,601.29
484,Tree - jenis belum teridentifikasi,608,485,575,511,611,27,37,498.1,593.27
485,Tree - jenis belum teridentifikasi,1697,94,579,154,627,61,49,126.59,600.85
486,Tree - jenis belum teridentifikasi,183,189,598,208,616,20,19,199.97,604.93
487,Tree - jenis belum teridentifikasi,217,318,587,337,608,20,22,327.65,598.75
488,Tree - jenis belum teridentifikasi,105,241,597,251,611,11,15,245.12,604.37
489,Tree - jenis belum teridentifikasi,383,323,603,363,621,41,19,342.32,612.53
490,Tree - jenis belum teridentifikasi,501,396,586,420,627,25,42,408.44,609.62
491,Tree - jenis belum teridentifikasi,120,152,605,164,619,13,15,157.72,611.83
492,Tree - jenis belum teridentifikasi,516,239,600,284,624,46,25,265.43,613.05
493,Tree - jenis belum teridentifikasi,419,296,600,319,630,24,31,306.32,612.86
494,Tree - jenis belum teridentifikasi,158,495,611,511,623,17,13,503.6,617.14
495,Tree - jenis belum teridentifikasi,273,367,603,385,627,19,25,375.48,615.58
496,Tree - jenis belum teridentifikasi,140,167,613,183,623,17,11,175.54,618.87
497,Tree - jenis belum teridentifikasi,407,208,603,239,627,32,25,225.25,615.67
498,Tree - jenis belum teridentifikasi,199,620,614,636,638,17,25,627.85,623.42
499,Tree - jenis belum teridentifikasi,231,36,615,54,638,19,24,45.34,625.14
500,Tree - jenis belum teridentifikasi,173,1389,615,1405,628,17,14,1396.49,621.22
501,Tree - jenis belum teridentifikasi,291,53,615,72,639,20,25,62.64,627.31
502,Tree - jenis belum teridentifikasi,208,386,613,403,634,18,22,394.73,625.4
503,Tree - jenis belum teridentifikasi,361,15,602,48,636,34,35,30.39,618.04
504,Tree - jenis belum teridentifikasi,1077,71,601,115,641,45,41,92.07,621.51
505,Tree - jenis belum teridentifikasi,467,455,608,488,636,34,29,469.19,622.38
506,Tree - jenis belum teridentifikasi,332,430,619,455,640,26,22,445.03,627.58
507,Tree - jenis belum teridentifikasi,219,147,619,165,640,19,22,156.0,631.21
508,Tree - jenis belum teridentifikasi,130,134,622,148,639,15,18,141.42,631.22
509,Tree - jenis belum teridentifikasi,30,200,629,206,635,7,7,202.6,632.13
510,Tree - jenis belum teridentifikasi,245,115,628,134,646,20,19,123.58,636.52
511,Tree - jenis belum teridentifikasi,470,293,623,323,658,31,36,311.45,643.18
512,Tree - jenis belum teridentifikasi,443,322,621,346,648,25,28,334.42,636.3
513,Tree - jenis belum teridentifikasi,570,346,623,377,649,32,27,361.61,636.71
514,Tree - jenis belum teridentifikasi,765,463,623,499,657,37,35,481.65,639.94
515,Tree - jenis belum teridentifikasi,508,399,623,431,652,33,30,416.86,637.11
516,Tree - jenis belum teridentifikasi,94,1378,637,1390,647,13,11,1383.41,642.67
517,Tree - jenis belum teridentifikasi,34,624,642,628,651,5,10,625.68,646.29
518,Tree - jenis belum teridentifikasi,92,145,641,158,650,14,10,151.95,646.09
519,Tree - jenis belum teridentifikasi,387,104,640,127,669,24,30,115.72,653.59
520,Tree - jenis belum teridentifikasi,80,22,647,30,660,9,14,26.02,653.05
521,Tree - jenis belum teridentifikasi,532,428,639,460,669,33,31,444.79,652.64
522,Tree - jenis belum teridentifikasi,541,384,631,408,668,25,38,397.02,651.7
523,Tree - jenis belum teridentifikasi,395,67,632,92,665,26,34,81.23,648.44
524,Tree - jenis belum teridentifikasi,29,263,653,269,658,7,6,266.17,656.07
525,Tree - jenis belum teridentifikasi,238,89,651,112,670,24,20,99.71,660.46
526,Tree - jenis belum teridentifikasi,83,166,652,176,663,11,12,171.45,658.54
527,Tree - jenis belum teridentifikasi,960,48,639,87,679,40,41,65.49,660.37
528,Tree - jenis belum teridentifikasi,790,344,646,384,676,41,31,364.45,660.33
529,Tree - jenis belum teridentifikasi,871,455,652,499,692,45,41,478.97,668.67
530,Tree - jenis belum teridentifikasi,47,285,664,293,671,9,8,288.87,667.62
531,Tree - jenis belum teridentifikasi,79,616,663,626,671,11,9,621.1,667.2
532,Tree - jenis belum teridentifikasi,302,500,655,511,685,12,31,506.37,670.81
533,Tree - jenis belum teridentifikasi,636,309,648,347,681,39,34,328.91,666.04
534,Tree - jenis belum teridentifikasi,650,125,649,154,695,30,47,138.13,672.42
535,Tree - jenis belum teridentifikasi,106,148,670,159,681,12,12,153.58,675.88
536,Tree - jenis belum teridentifikasi,29,802,673,807,678,6,6,804.69,675.45
537,Tree - jenis belum teridentifikasi,91,102,672,112,682,11,11,107.21,677.08
538,Tree - jenis belum teridentifikasi,359,428,661,448,686,21,26,438.24,675.22
539,Tree - jenis belum teridentifikasi,242,448,670,464,689,17,20,455.36,679.16
540,Tree - jenis belum teridentifikasi,702,404,652,430,691,27,40,417.34,671.99
541,Tree - jenis belum teridentifikasi,190,83,675,102,689,20,15,92.62,681.92
542,Tree - jenis belum teridentifikasi,913,363,664,404,705,42,42,383.78,683.02
543,Tree - jenis belum teridentifikasi,198,320,678,338,693,19,16,329.77,684.84
544,Tree - jenis belum teridentifikasi,3479,638,648,709,730,72,83,675.4,688.01
545,Tree - jenis belum teridentifikasi,246,11,672,33,693,23,22,24.04,685.22
546,Tree - jenis belum teridentifikasi,23,255,682,260,686,6,5,257.78,684.13
547,Tree - jenis belum teridentifikasi,76,584,684,594,693,11,10,589.29,688.41
548,Tree - jenis belum teridentifikasi,658,381,681,414,717,34,37,400.7,701.63
549,Tree - jenis belum teridentifikasi,85,306,685,315,698,10,14,310.15,692.19
550,Tree - jenis belum teridentifikasi,616,334,671,362,707,29,37,349.83,691.01
551,Tree - jenis belum teridentifikasi,444,459,678,481,711,23,34,469.39,692.97
552,Tree - jenis belum teridentifikasi,438,420,686,447,709,28,24,433.53,696.69
553,Tree - jenis belum teridentifikasi,504,44,683,77,718,34,36,57.76,698.12
554,Tree - jenis belum teridentifikasi,41,88,698,96,703,9,6,92.05,700.66
555,Tree - jenis belum teridentifikasi,146,536,695,549,709,14,15,542.6,701.84
556,Tree - jenis belum teridentifikasi,407,356,691,381,715,26,25,368.72,703.66
557,Tree - jenis belum teridentifikasi,599,439,696,465,731,27,36,451.26,710.98
558,Tree - jenis belum teridentifikasi,496,415,703,439,731,25,29,425.42,715.84
559,Tree - jenis belum teridentifikasi,1130,480,684,511,729,32,46,497.36,707.69
560,Tree - jenis belum teridentifikasi,921,299,696,352,729,54,34,325.01,713.26
561,Tree - jenis belum teridentifikasi,190,96,713,115,730,20,18,105.49,719.78
562,Tree - jenis belum teridentifikasi,73,125,717,140,725,16,9,131.82,720.86
563,Tree - jenis belum teridentifikasi,571,351,715,375,746,25,32,363.86,728.14
564,Tree - jenis belum teridentifikasi,273,69,718,96,733,28,16,80.85,726.16
565,Tree - jenis belum teridentifikasi,506,375,717,405,743,31,27,387.68,727.09
566,Tree - jenis belum teridentifikasi,144,544,722,557,734,14,13,550.38,727.99
567,Tree - jenis belum teridentifikasi,381,460,713,484,738,25,26,473.49,725.65
568,Tree - jenis belum teridentifikasi,38,19,730,27,734,9,5,23.18,732.05
569,Tree - jenis belum teridentifikasi,522,484,730,511,757,28,28,500.57,741.67
570,Tree - jenis belum teridentifikasi,277,426,724,445,749,20,26,437.42,736.45
571,Tree - jenis belum teridentifikasi,270,96,729,112,749,17,21,105.17,738.21
572,Tree - jenis belum teridentifikasi,690,319,721,356,752,38,32,336.88,737.48
573,Tree - jenis belum teridentifikasi,30,524,736,531,741,8,6,527.23,738.33
574,Tree - jenis belum teridentifikasi,123,70,734,83,749,14,16,76.15,740.51
575,Tree - jenis belum teridentifikasi,530,390,716,417,747,28,32,405.62,734.9
576,Tree - jenis belum teridentifikasi,465,443,726,471,753,29,28,457.14,740.5
577,Tree - jenis belum teridentifikasi,328,179,736,201,757,23,22,189.73,746.82
578,Tree - jenis belum teridentifikasi,177,342,739,360,753,19,15,351.62,746.58
579,Tree - jenis belum teridentifikasi,1858,758,723,805,784,48,62,783.01,753.93
580,Tree - jenis belum teridentifikasi,54,1353,743,1361,750,9,8,1356.59,746.63
581,Tree - jenis belum teridentifikasi,208,161,742,178,758,18,17,169.54,749.68
582,Tree - jenis belum teridentifikasi,306,294,740,319,761,26,22,304.99,750.68
583,Tree - jenis belum teridentifikasi,308,415,736,434,757,20,22,424.47,748.01
584,Tree - jenis belum teridentifikasi,697,131,735,161,769,31,35,145.58,750.84
585,Tree - jenis belum teridentifikasi,294,390,747,415,763,26,17,401.78,754.37
586,Tree - jenis belum teridentifikasi,766,340,739,389,777,50,39,364.86,759.22
587,Tree - jenis belum teridentifikasi,36,8,755,15,760,8,6,11.33,757.86
588,Tree - jenis belum teridentifikasi,578,324,751,353,789,30,39,335.38,765.48
589,Tree - jenis belum teridentifikasi,686,466,736,496,772,31,37,480.82,755.53
590,Tree - jenis belum teridentifikasi,790,111,736,137,774,27,39,123.66,755.85
591,Tree - jenis belum teridentifikasi,258,435,753,451,773,17,21,443.26,762.38
592,Tree - jenis belum teridentifikasi,372,161,756,185,780,25,25,172.01,767.46
593,Tree - jenis belum teridentifikasi,288,187,757,211,773,25,17,199.69,764.85
594,Tree - jenis belum teridentifikasi,6054,594,716,679,814,86,99,635.9,762.96
595,Tree - jenis belum teridentifikasi,439,451,755,475,778,25,24,461.56,767.92
596,Tree - jenis belum teridentifikasi,486,382,755,410,781,29,27,392.91,769.56
597,Tree - jenis belum teridentifikasi,397,414,758,442,777,29,20,427.5,767.22
598,Tree - jenis belum teridentifikasi,246,534,761,554,780,21,20,543.93,770.8
599,Tree - jenis belum teridentifikasi,149,1952,767,1972,781,21,15,1961.65,772.93
600,Tree - jenis belum teridentifikasi,248,363,766,381,781,19,16,372.35,773.38
601,Tree - jenis belum teridentifikasi,473,487,755,518,784,32,30,501.89,773.22
602,Tree - jenis belum teridentifikasi,162,1518,768,1527,787,10,20,1522.44,777.24
603,Tree - jenis belum teridentifikasi,138,202,772,216,784,15,13,209.72,778.09
604,Tree - jenis belum teridentifikasi,229,14,765,30,789,17,25,22.35,776.64
605,Tree - jenis belum teridentifikasi,311,515,772,537,795,23,24,525.74,781.57
606,Tree - jenis belum teridentifikasi,214,51,771,66,791,16,21,58.56,780.99
607,Tree - jenis belum teridentifikasi,2128,60,734,122,799,63,66,92.85,771.84
608,Tree - jenis belum teridentifikasi,239,332,778,355,792,24,15,344.15,784.75
609,Tree - jenis belum teridentifikasi,267,1323,768,1343,791,21,24,1332.99,780.18
610,Tree - jenis belum teridentifikasi,420,424,777,449,803,26,27,437.7,787.66
611,Tree - jenis belum teridentifikasi,606,395,770,422,810,28,41,410.43,789.9
612,Tree - jenis belum teridentifikasi,934,450,777,496,812,47,36,470.35,791.76
613,Tree - jenis belum teridentifikasi,287,1933,779,1949,806,17,28,1940.15,792.83
614,Tree - jenis belum teridentifikasi,324,350,780,374,808,25,29,361.27,791.47
615,Tree - jenis belum teridentifikasi,497,486,783,515,824,30,42,501.7,800.43
616,Tree - jenis belum teridentifikasi,117,36,787,46,803,11,17,41.74,795.08
617,Tree - jenis belum teridentifikasi,869,111,775,148,811,38,37,129.68,792.86
618,Tree - jenis belum teridentifikasi,44,1272,793,1279,799,8,7,1275.34,796.09
619,Tree - jenis belum teridentifikasi,69,2016,793,2029,804,14,12,2023.42,798.49
620,Tree - jenis belum teridentifikasi,265,187,786,207,807,21,22,198.89,796.94
621,Tree - jenis belum teridentifikasi,1063,303,773,344,826,42,54,323.56,801.14
622,Tree - jenis belum teridentifikasi,600,366,783,403,813,38,31,382.31,797.62
623,Tree - jenis belum teridentifikasi,166,511,795,526,819,16,25,517.98,806.3
624,Tree - jenis belum teridentifikasi,30,750,796,755,804,6,9,752.87,800.27
625,Tree - jenis belum teridentifikasi,503,436,795,459,826,24,32,447.73,809.43
626,Tree - jenis belum teridentifikasi,221,470,802,488,820,19,19,478.55,810.73
627,Tree - jenis belum teridentifikasi,249,336,805,355,826,20,22,346.61,816.62
628,Tree - jenis belum teridentifikasi,966,90,799,128,833,39,35,105.83,816.65
629,Tree - jenis belum teridentifikasi,374,349,807,375,834,27,28,362.43,820.13
630,Tree - jenis belum teridentifikasi,1271,61,793,96,860,36,68,77.89,822.78
631,Tree - jenis belum teridentifikasi,132,1284,810,1299,823,16,14,1292.26,817.38
632,Tree - jenis belum teridentifikasi,2569,131,768,190,846,60,79,162.42,807.69
633,Tree - jenis belum teridentifikasi,35,51,816,60,821,10,6,55.0,818.31
634,Tree - jenis belum teridentifikasi,602,1437,800,1470,831,34,32,1451.93,816.11
635,Tree - jenis belum teridentifikasi,115,196,815,210,836,15,22,201.31,825.2
636,Tree - jenis belum teridentifikasi,345,376,814,398,847,23,34,386.68,826.72
637,Tree - jenis belum teridentifikasi,81,503,818,511,830,9,13,507.94,824.47
638,Tree - jenis belum teridentifikasi,216,452,823,472,838,21,16,461.69,829.24
639,Tree - jenis belum teridentifikasi,54,1927,825,1934,839,8,15,1930.22,831.15
640,Tree - jenis belum teridentifikasi,165,1981,825,1991,845,11,21,1985.86,833.52
641,Tree - jenis belum teridentifikasi,255,314,826,331,853,18,28,323.66,838.02
642,Tree - jenis belum teridentifikasi,163,2030,825,2044,842,15,18,2037.01,833.48
643,Tree - jenis belum teridentifikasi,207,434,826,452,846,19,21,443.41,836.06
644,Tree - jenis belum teridentifikasi,99,488,826,498,843,11,18,493.6,836.19
645,Tree - jenis belum teridentifikasi,177,753,831,775,843,23,13,762.77,837.79
646,Tree - jenis belum teridentifikasi,1298,120,815,160,871,41,57,140.51,840.69
647,Tree - jenis belum teridentifikasi,233,331,826,352,843,22,18,341.58,835.09
648,Tree - jenis belum teridentifikasi,45,1497,833,1501,844,5,12,1498.73,838.18
649,Tree - jenis belum teridentifikasi,81,362,832,378,846,17,15,368.83,837.81
650,Tree - jenis belum teridentifikasi,208,512,824,529,850,18,27,521.08,838.47
651,Tree - jenis belum teridentifikasi,52,206,839,213,851,8,13,209.46,845.42
652,Tree - jenis belum teridentifikasi,418,468,821,489,856,22,36,477.95,841.1
653,Tree - jenis belum teridentifikasi,196,775,840,797,851,23,12,787.25,844.4
654,Tree - jenis belum teridentifikasi,45,1919,844,1928,850,10,7,1923.84,847.0
655,Tree - jenis belum teridentifikasi,126,1167,841,1180,852,14,12,1173.49,846.44
656,Tree - jenis belum teridentifikasi,1792,77,831,131,874,55,44,104.68,853.12
657,Tree - jenis belum teridentifikasi,331,441,835,467,862,27,28,455.34,848.81
658,Tree - jenis belum teridentifikasi,253,797,843,818,858,22,16,807.73,850.15
659,Tree - jenis belum teridentifikasi,158,329,846,351,856,23,11,341.04,850.91
660,Tree - jenis belum teridentifikasi,187,365,840,384,865,20,26,375.33,851.99
661,Tree - jenis belum teridentifikasi,69,415,847,422,858,8,12,417.9,852.12
662,Tree - jenis belum teridentifikasi,127,496,846,512,857,17,12,503.32,851.2
663,Tree - jenis belum teridentifikasi,161,819,843,832,857,14,15,825.44,850.09
664,Tree - jenis belum teridentifikasi,548,164,834,205,861,42,28,186.83,848.44
665,Tree - jenis belum teridentifikasi,64,1431,849,1439,858,9,10,1435.47,854.19
666,Tree - jenis belum teridentifikasi,279,1701,845,1720,872,20,28,1710.25,857.57
667,Tree - jenis belum teridentifikasi,264,826,850,849,866,24,17,839.2,857.37
668,Tree - jenis belum teridentifikasi,320,1815,848,1841,867,27,20,1827.42,857.65
669,Tree - jenis belum teridentifikasi,6,2032,859,2037,859,6,1,2034.5,859.0
670,Tree - jenis belum teridentifikasi,401,163,851,191,876,29,26,179.4,863.0
671,Tree - jenis belum teridentifikasi,420,849,854,887,873,39,20,865.69,865.18
672,Tree - jenis belum teridentifikasi,300,462,855,488,873,27,19,476.47,862.67
673,Tree - jenis belum teridentifikasi,66,1485,860,1493,870,9,11,1489.39,865.23
674,Tree - jenis belum teridentifikasi,152,191,862,207,873,17,12,198.23,866.92
675,Tree - jenis belum teridentifikasi,310,383,852,399,882,17,31,389.48,867.46
676,Tree - jenis belum teridentifikasi,318,48,848,76,874,29,27,63.36,863.64
677,Tree - jenis belum teridentifikasi,68,266,864,278,871,13,8,273.09,866.9
678,Tree - jenis belum teridentifikasi,189,144,862,167,873,24,12,154.05,867.9
679,Tree - jenis belum teridentifikasi,131,24,862,36,882,13,21,30.13,871.37
680,Tree - jenis belum teridentifikasi,7492,526,824,628,935,103,112,578.46,878.7
681,Tree - jenis belum teridentifikasi,297,1841,865,1867,881,27,17,1853.69,873.18
682,Tree - jenis belum teridentifikasi,205,894,871,919,883,26,13,907.01,877.31
683,Tree - jenis belum teridentifikasi,197,175,876,200,889,26,14,186.53,881.85
684,Tree - jenis belum teridentifikasi,313,1687,872,1706,904,20,33,1694.58,887.35
685,Tree - jenis belum teridentifikasi,1248,1731,853,1780,906,50,54,1759.24,879.15
686,Tree - jenis belum teridentifikasi,264,1390,882,1420,895,31,14,1407.1,889.59
687,Tree - jenis belum teridentifikasi,59,285,885,292,894,8,10,288.61,889.56
688,Tree - jenis belum teridentifikasi,231,1449,871,1468,895,20,25,1459.25,885.07
689,Tree - jenis belum teridentifikasi,31,108,889,112,897,5,9,109.74,892.52
690,Tree - jenis belum teridentifikasi,1804,2007,840,2047,923,41,84,2033.65,886.42
691,Tree - jenis belum teridentifikasi,68,938,888,948,895,11,8,942.84,891.9
692,Tree - jenis belum teridentifikasi,274,1882,874,1902,899,21,26,1893.94,888.58
693,Tree - jenis belum teridentifikasi,731,1709,880,1742,909,34,30,1725.65,895.12
694,Tree - jenis belum teridentifikasi,25,151,895,158,899,8,5,154.28,897.2
695,Tree - jenis belum teridentifikasi,711,1730,887,1763,925,34,39,1745.61,907.15
696,Tree - jenis belum teridentifikasi,296,981,897,1006,911,26,15,993.69,903.95
697,Tree - jenis belum teridentifikasi,86,811,903,824,910,14,8,817.81,906.48
698,Tree - jenis belum teridentifikasi,563,709,896,736,926,28,31,721.55,908.6
699,Tree - jenis belum teridentifikasi,79,1864,903,1871,914,8,12,1867.78,908.82
700,Tree - jenis belum teridentifikasi,315,1006,902,1030,921,25,20,1016.3,910.73
701,Tree - jenis belum teridentifikasi,24,46,910,51,915,6,6,48.71,912.83
702,Tree - jenis belum teridentifikasi,798,1069,904,1115,940,47,37,1087.98,917.79
703,Tree - jenis belum teridentifikasi,399,1030,907,1068,924,39,18,1048.97,914.1
704,Tree - jenis belum teridentifikasi,120,123,909,141,919,19,11,131.76,914.17
705,Tree - jenis belum teridentifikasi,193,1479,910,1497,923,19,14,1488.65,916.64
706,Tree - jenis belum teridentifikasi,384,735,904,764,930,30,27,749.18,915.84
707,Tree - jenis belum teridentifikasi,48,197,919,205,926,9,8,200.94,921.88
708,Tree - jenis belum teridentifikasi,63,1212,918,1223,925,12,8,1217.65,921.11
709,Tree - jenis belum teridentifikasi,114,1861,914,1870,927,10,14,1865.45,920.54
710,Tree - jenis belum teridentifikasi,889,672,916,713,954,42,39,692.75,932.44
711,Tree - jenis belum teridentifikasi,144,1139,921,1154,934,16,14,1145.85,926.38
712,Tree - jenis belum teridentifikasi,110,62,924,75,934,14,11,68.24,929.33
713,Tree - jenis belum teridentifikasi,125,105,925,118,943,14,19,111.64,931.32
714,Tree - jenis belum teridentifikasi,49,1033,927,1040,934,8,8,1036.1,930.53
715,Tree - jenis belum teridentifikasi,410,1665,903,1692,939,28,37,1679.56,922.83
716,Tree - jenis belum teridentifikasi,31,350,929,357,934,8,6,353.48,931.97
717,Tree - jenis belum teridentifikasi,809,708,924,758,952,51,29,731.65,937.69
718,Tree - jenis belum teridentifikasi,45,1092,932,1101,939,10,8,1096.42,935.31
719,Tree - jenis belum teridentifikasi,122,1051,929,1062,943,12,15,1057.44,936.63
720,Tree - jenis belum teridentifikasi,1579,1152,909,1210,958,59,50,1179.94,935.41
721,Tree - jenis belum teridentifikasi,92,1013,933,1023,942,11,10,1017.89,937.64
722,Tree - jenis belum teridentifikasi,139,4,931,19,944,16,14,11.54,938.27
723,Tree - jenis belum teridentifikasi,20,48,937,52,941,5,5,50.1,938.8
724,Tree - jenis belum teridentifikasi,92,119,944,134,960,16,17,124.96,953.25
725,Tree - jenis belum teridentifikasi,43,1130,946,1136,953,7,8,1133.14,949.3
726,Tree - jenis belum teridentifikasi,531,2003,941,2030,972,28,32,2015.66,956.22
727,Tree - jenis belum teridentifikasi,327,664,945,687,969,24,25,675.72,957.06
728,Tree - jenis belum teridentifikasi,173,60,944,73,967,14,24,66.49,955.47
729,Tree - jenis belum teridentifikasi,83,1068,951,1078,959,11,9,1073.0,955.14
730,Tree - jenis belum teridentifikasi,72,1874,951,1884,959,11,9,1878.93,955.12
731,Tree - jenis belum teridentifikasi,413,1199,943,1230,971,32,29,1214.05,955.43
732,Tree - jenis belum teridentifikasi,145,6,948,25,965,20,18,14.35,956.62
733,Tree - jenis belum teridentifikasi,304,719,950,743,975,25,26,729.85,961.22
734,Tree - jenis belum teridentifikasi,2807,518,927,597,988,80,62,557.75,954.51
735,Tree - jenis belum teridentifikasi,60,746,957,755,967,10,11,750.78,961.52
736,Tree - jenis belum teridentifikasi,284,1011,950,1028,978,18,29,1019.63,963.79
737,Tree - jenis belum teridentifikasi,594,691,942,721,977,31,36,706.53,960.13
738,Tree - jenis belum teridentifikasi,882,384,951,422,983,39,33,400.4,967.35
739,Tree - jenis belum teridentifikasi,168,1851,959,1866,971,16,13,1858.52,965.51
740,Tree - jenis belum teridentifikasi,96,1033,961,1047,971,15,11,1040.44,965.61
741,Tree - jenis belum teridentifikasi,492,1166,957,1203,981,38,25,1187.0,967.09
742,Tree - jenis belum teridentifikasi,426,1229,958,1258,990,30,33,1247.29,971.59
743,Tree - jenis belum teridentifikasi,126,1994,962,2009,976,16,15,2002.42,970.18
744,Tree - jenis belum teridentifikasi,509,576,963,599,1010,24,48,587.03,979.11
745,Tree - jenis belum teridentifikasi,43,1984,972,1992,979,9,8,1987.33,974.79
746,Tree - jenis belum teridentifikasi,99,8,967,17,983,10,17,12.2,976.57
747,Tree - jenis belum teridentifikasi,108,754,967,762,985,9,19,757.73,975.87
748,Tree - jenis belum teridentifikasi,187,657,969,676,985,20,17,666.63,976.39
749,Tree - jenis belum teridentifikasi,92,1028,976,1042,982,15,7,1035.18,978.93
750,Tree - jenis belum teridentifikasi,557,673,967,710,994,38,28,690.35,981.67
751,Tree - jenis belum teridentifikasi,501,1152,964,1180,991,29,28,1164.11,979.25
752,Tree - jenis belum teridentifikasi,1694,513,968,576,1014,64,47,541.39,991.57
753,Tree - jenis belum teridentifikasi,29,720,981,727,986,8,6,723.28,984.14
754,Tree - jenis belum teridentifikasi,79,1045,981,1055,990,11,10,1050.57,985.77
755,Tree - jenis belum teridentifikasi,818,1833,972,1870,1003,38,32,1853.68,988.01
756,Tree - jenis belum teridentifikasi,89,505,985,517,996,13,12,509.93,990.61
757,Tree - jenis belum teridentifikasi,640,384,978,408,1007,25,30,394.45,992.89
758,Tree - jenis belum teridentifikasi,2280,405,973,483,1032,79,60,441.01,1000.34
759,Tree - jenis belum teridentifikasi,130,728,991,743,1006,16,16,734.77,997.06
760,Tree - jenis belum teridentifikasi,71,747,992,755,1001,9,10,751.49,996.73
761,Tree - jenis belum teridentifikasi,47,2032,996,2038,1004,7,9,2034.51,999.89
762,Tree - jenis belum teridentifikasi,39,1033,998,1041,1002,9,5,1036.49,1000.21
763,Tree - jenis belum teridentifikasi,70,53,999,64,1007,12,9,58.27,1003.53
764,Tree - jenis belum teridentifikasi,217,1162,992,1192,1015,31,24,1179.06,1002.92
765,Tree - jenis belum teridentifikasi,102,1826,996,1836,1009,11,14,1830.51,1002.67
766,Tree - jenis belum teridentifikasi,243,12,995,25,1017,14,23,18.37,1006.37
767,Tree - jenis belum teridentifikasi,9173,1586,935,1688,1074,103,140,1638.8,1005.18
768,Tree - jenis belum teridentifikasi,182,1240,1000,1256,1020,17,21,1248.43,1010.18
769,Tree - jenis belum teridentifikasi,87,1922,1008,1933,1023,12,16,1927.55,1015.21
770,Tree - jenis belum teridentifikasi,3987,1290,977,1363,1066,74,90,1324.98,1014.37
771,Tree - jenis belum teridentifikasi,485,384,1008,408,1031,25,24,394.36,1018.81
772,Tree - jenis belum teridentifikasi,699,1152,1002,1177,1067,26,66,1160.1,1025.98
773,Tree - jenis belum teridentifikasi,146,1215,1017,1229,1032,15,16,1221.44,1023.05
774,Tree - jenis belum teridentifikasi,267,452,1017,473,1039,22,23,462.83,1026.94
775,Tree - jenis belum teridentifikasi,631,763,1011,784,1056,22,46,773.19,1031.75
776,Tree - jenis belum teridentifikasi,84,2022,1023,2038,1030,17,8,2029.35,1026.06
777,Tree - jenis belum teridentifikasi,50,1363,1023,1372,1030,10,8,1368.62,1026.24
778,Tree - jenis belum teridentifikasi,168,419,1015,432,1036,14,22,425.95,1025.12
779,Tree - jenis belum teridentifikasi,217,1238,1023,1258,1043,21,21,1248.62,1034.62
780,Tree - jenis belum teridentifikasi,65,1200,1033,1211,1040,12,8,1204.46,1036.14
781,Tree - jenis belum teridentifikasi,27,53,1034,58,1039,6,6,55.19,1036.96
782,Tree - jenis belum teridentifikasi,370,384,1031,408,1052,25,22,394.99,1041.02
783,Tree - jenis belum teridentifikasi,45,478,1037,487,1044,10,8,483.02,1040.96
784,Tree - jenis belum teridentifikasi,556,431,1023,458,1061,28,39,444.68,1042.04
785,Tree - jenis belum teridentifikasi,141,1206,1031,1221,1053,16,23,1213.39,1043.5
786,Tree - jenis belum teridentifikasi,326,1323,1042,1343,1067,21,26,1332.38,1052.17
787,Tree - jenis belum teridentifikasi,130,1159,1046,1172,1060,14,15,1166.14,1053.43
788,Tree - jenis belum teridentifikasi,276,1237,1044,1254,1069,18,26,1246.05,1054.57
789,Tree - jenis belum teridentifikasi,342,386,1055,416,1077,31,23,399.55,1066.8
790,Tree - jenis belum teridentifikasi,160,438,1055,455,1076,18,22,444.94,1065.1
791,Tree - jenis belum teridentifikasi,32,56,1060,64,1066,9,7,60.53,1062.06
792,Tree - jenis belum teridentifikasi,241,415,1054,436,1072,22,19,424.37,1062.5
793,Tree - jenis belum teridentifikasi,89,496,1054,505,1067,10,14,499.37,1061.34
794,Tree - jenis belum teridentifikasi,290,1682,1058,1706,1074,25,17,1695.31,1064.53
795,Tree - jenis belum teridentifikasi,268,1809,1052,1830,1076,22,25,1818.04,1064.94
796,Tree - jenis belum teridentifikasi,76,1193,1062,1199,1076,7,15,1196.13,1068.54
797,Tree - jenis belum teridentifikasi,55,88,1065,94,1078,7,14,90.75,1070.85
798,Tree - jenis belum teridentifikasi,82,1831,1068,1847,1076,17,9,1839.61,1072.74
799,Tree - jenis belum teridentifikasi,87,504,1065,516,1077,13,13,508.7,1071.41
800,Tree - jenis belum teridentifikasi,310,1706,1064,1728,1083,23,20,1716.15,1073.65
801,Tree - jenis belum teridentifikasi,139,1175,1064,1186,1086,12,23,1179.74,1075.52
802,Tree - jenis belum teridentifikasi,63,1237,1072,1243,1083,7,12,1240.11,1077.79
803,Tree - jenis belum teridentifikasi,61,1374,1074,1382,1083,9,10,1378.2,1078.64
804,Tree - jenis belum teridentifikasi,72,994,1076,1002,1087,9,12,997.6,1080.97
805,Tree - jenis belum teridentifikasi,288,1152,1070,1170,1090,19,21,1159.08,1080.31
806,Tree - jenis belum teridentifikasi,438,1727,1062,1754,1089,28,28,1741.45,1077.67
807,Tree - jenis belum teridentifikasi,53,625,1078,634,1088,10,11,628.89,1083.6
808,Tree - jenis belum teridentifikasi,390,384,1076,410,1099,27,24,394.84,1087.06
809,Tree - jenis belum teridentifikasi,24,537,1084,542,1088,6,5,539.79,1085.71
810,Tree - jenis belum teridentifikasi,27,1844,1084,1850,1088,7,5,1846.89,1085.78
811,Tree - jenis belum teridentifikasi,947,1791,1062,1832,1100,42,39,1806.96,1083.64
812,Tree - jenis belum teridentifikasi,1038,733,1060,775,1096,43,37,753.8,1080.22
813,Tree - jenis belum teridentifikasi,79,436,1085,449,1093,14,9,442.51,1089.08
814,Tree - jenis belum teridentifikasi,95,463,1085,477,1093,15,9,469.26,1088.75
815,Tree - jenis belum teridentifikasi,88,409,1084,425,1097,17,14,416.95,1090.64
816,Tree - jenis belum teridentifikasi,607,713,1075,740,1104,28,30,726.48,1090.26
817,Tree - jenis belum teridentifikasi,95,1211,1084,1223,1099,13,16,1218.62,1090.95
818,Tree - jenis belum teridentifikasi,734,1761,1061,1790,1097,30,37,1778.82,1080.14
819,Tree - jenis belum teridentifikasi,63,1329,1088,1340,1095,12,8,1334.16,1092.02
820,Tree - jenis belum teridentifikasi,219,486,1090,502,1108,17,19,493.54,1099.25
821,Tree - jenis belum teridentifikasi,36,1377,1094,1382,1102,6,9,1379.61,1097.81
822,Tree - jenis belum teridentifikasi,759,743,1094,781,1133,39,40,765.09,1107.03
823,Tree - jenis belum teridentifikasi,799,1750,1092,1792,1126,43,35,1770.81,1107.26
824,Tree - jenis belum teridentifikasi,230,594,1090,622,1110,29,21,610.64,1099.7
825,Tree - jenis belum teridentifikasi,77,1177,1103,1187,1113,11,11,1181.27,1106.82
826,Tree - jenis belum teridentifikasi,102,1834,1097,1843,1113,10,17,1838.3,1105.83
827,Tree - jenis belum teridentifikasi,32,625,1105,633,1110,9,6,629.62,1107.62
828,Tree - jenis belum teridentifikasi,299,779,1100,808,1118,30,19,791.81,1108.61
829,Tree - jenis belum teridentifikasi,28,384,1105,388,1111,5,7,385.57,1108.04
830,Tree - jenis belum teridentifikasi,62,1204,1104,1211,1113,8,10,1207.71,1108.53
831,Tree - jenis belum teridentifikasi,347,512,1096,534,1123,23,28,525.06,1110.37
832,Tree - jenis belum teridentifikasi,186,805,1107,822,1132,18,26,815.18,1118.17
833,Tree - jenis belum teridentifikasi,305,460,1104,483,1126,24,23,471.26,1114.03
834,Tree - jenis belum teridentifikasi,27,1458,1110,1462,1117,5,8,1460.33,1113.19
835,Tree - jenis belum teridentifikasi,31,1857,1110,1862,1116,6,7,1859.71,1112.74
836,Tree - jenis belum teridentifikasi,968,720,1101,765,1133,46,33,741.88,1116.64
837,Tree - jenis belum teridentifikasi,576,482,1096,513,1138,32,43,496.52,1117.83
838,Tree - jenis belum teridentifikasi,708,1152,1090,1177,1136,26,47,1163.46,1115.42
839,Tree - jenis belum teridentifikasi,1866,1767,1098,1833,1150,67,53,1798.06,1121.78
840,Tree - jenis belum teridentifikasi,215,525,1119,538,1144,14,26,530.66,1129.54
841,Tree - jenis belum teridentifikasi,102,7,1123,21,1137,15,15,14.78,1130.29
842,Tree - jenis belum teridentifikasi,273,1253,1124,1279,1141,27,18,1268.58,1131.88
843,Tree - jenis belum teridentifikasi,70,1225,1129,1238,1136,14,8,1230.7,1132.87
844,Tree - jenis belum teridentifikasi,316,384,1117,406,1141,23,25,393.12,1129.88
845,Tree - jenis belum teridentifikasi,75,1242,1134,1256,1143,15,10,1250.49,1138.48
846,Tree - jenis belum teridentifikasi,121,1272,1142,1279,1167,8,26,1276.69,1151.84
847,Tree - jenis belum teridentifikasi,41,520,1149,527,1156,8,8,523.44,1153.2
848,Tree - jenis belum teridentifikasi,67,1838,1152,1853,1157,16,6,1846.31,1153.78
849,Tree - jenis belum teridentifikasi,24,33,1153,38,1157,6,5,35.67,1154.88
850,Tree - jenis belum teridentifikasi,90,1184,1150,1194,1161,11,12,1189.58,1155.17
851,Tree - jenis belum teridentifikasi,141,1854,1152,1876,1159,23,8,1865.18,1154.76
852,Tree - jenis belum teridentifikasi,65,1879,1152,1889,1158,11,7,1883.88,1154.62
853,Tree - jenis belum teridentifikasi,364,2022,1152,2047,1177,26,26,2037.68,1160.27
854,Tree - jenis belum teridentifikasi,3211,690,1121,757,1191,68,71,722.03,1156.33
855,Tree - jenis belum teridentifikasi,93,758,1152,766,1164,9,13,762.24,1157.45
856,Tree - jenis belum teridentifikasi,244,1480,1153,1506,1165,27,13,1493.23,1158.52
857,Tree - jenis belum teridentifikasi,589,954,1136,981,1170,28,35,969.74,1156.33
858,Tree - jenis belum teridentifikasi,515,777,1144,818,1173,42,30,798.96,1158.93
859,Tree - jenis belum teridentifikasi,678,1963,1152,2003,1179,41,28,1979.17,1163.11
860,Tree - jenis belum teridentifikasi,452,1940,1152,1962,1176,23,25,1952.49,1162.52
861,Tree - jenis belum teridentifikasi,477,978,1152,1007,1176,30,25,990.62,1165.84
862,Tree - jenis belum teridentifikasi,212,1824,1152,1837,1172,14,21,1830.01,1162.08
863,Tree - jenis belum teridentifikasi,38,630,1166,636,1172,7,7,633.24,1168.95
864,Tree - jenis belum teridentifikasi,1455,1146,1135,1182,1207,37,73,1164.06,1169.65
865,Tree - jenis belum teridentifikasi,638,1912,1152,1945,1181,34,30,1930.44,1164.95
866,Tree - jenis belum teridentifikasi,70,611,1168,622,1176,12,9,616.27,1172.07
867,Tree - jenis belum teridentifikasi,69,1042,1168,1053,1176,12,9,1048.17,1172.13
868,Tree - jenis belum teridentifikasi,50,1855,1169,1863,1178,9,10,1858.66,1173.0
869,Tree - jenis belum teridentifikasi,88,1385,1170,1397,1183,13,14,1390.23,1175.69
870,Tree - jenis belum teridentifikasi,137,1398,1167,1412,1181,15,15,1406.18,1173.55
871,Tree - jenis belum teridentifikasi,314,1465,1161,1482,1190,18,30,1473.88,1176.12
872,Tree - jenis belum teridentifikasi,145,1861,1170,1877,1190,17,21,1870.38,1179.57
873,Tree - jenis belum teridentifikasi,97,1354,1171,1363,1185,10,15,1358.48,1177.74
874,Tree - jenis belum teridentifikasi,1116,0,1152,45,1192,46,41,19.97,1172.66
875,Tree - jenis belum teridentifikasi,56,1065,1174,1074,1180,10,7,1068.79,1176.7
876,Tree - jenis belum teridentifikasi,114,1125,1170,1138,1183,14,14,1132.28,1177.7
877,Tree - jenis belum teridentifikasi,219,1493,1167,1509,1186,17,20,1501.21,1177.17
878,Tree - jenis belum teridentifikasi,107,1016,1173,1028,1186,13,14,1021.51,1179.32
879,Tree - jenis belum teridentifikasi,472,1176,1169,1201,1203,26,35,1189.93,1184.01
880,Tree - jenis belum teridentifikasi,195,46,1172,65,1190,20,19,54.04,1182.2
881,Tree - jenis belum teridentifikasi,56,1443,1177,1453,1184,11,8,1449.04,1180.52
882,Tree - jenis belum teridentifikasi,710,1821,1165,1858,1203,38,39,1840.95,1184.46
883,Tree - jenis belum teridentifikasi,27,286,1177,291,1183,6,7,288.67,1180.15
884,Tree - jenis belum teridentifikasi,74,930,1178,939,1190,10,13,935.53,1184.72
885,Tree - jenis belum teridentifikasi,144,1978,1181,2003,1189,26,9,1990.49,1185.28
886,Tree - jenis belum teridentifikasi,46,1647,1186,1656,1191,10,6,1651.37,1188.67
887,Tree - jenis belum teridentifikasi,326,2029,1176,2047,1199,19,24,2039.44,1188.28
888,Tree - jenis belum teridentifikasi,160,28,1192,50,1202,23,11,39.74,1196.36
889,Tree - jenis belum teridentifikasi,188,1489,1186,1509,1204,21,19,1502.15,1196.12
890,Tree - jenis belum teridentifikasi,26,79,1199,84,1205,6,7,81.31,1202.04
891,Tree - jenis belum teridentifikasi,1087,777,1187,830,1232,54,46,801.17,1205.63
892,Tree - jenis belum teridentifikasi,295,1809,1191,1826,1215,18,25,1817.4,1204.19
893,Tree - jenis belum teridentifikasi,235,896,1201,922,1213,27,13,909.75,1206.52
894,Tree - jenis belum teridentifikasi,75,1152,1204,1158,1215,7,12,1154.85,1209.07
895,Tree - jenis belum teridentifikasi,317,862,1201,886,1220,25,20,872.01,1210.83
896,Tree - jenis belum teridentifikasi,162,1164,1206,1181,1218,18,13,1173.22,1211.77
897,Tree - jenis belum teridentifikasi,86,1255,1203,1264,1215,10,13,1259.3,1209.37
898,Tree - jenis belum teridentifikasi,2172,925,1188,989,1245,65,58,958.12,1213.84
899,Tree - jenis belum teridentifikasi,115,15,1208,29,1217,15,10,21.5,1212.0
900,Tree - jenis belum teridentifikasi,227,1888,1202,1915,1219,28,18,1901.7,1210.69
901,Tree - jenis belum teridentifikasi,426,836,1202,868,1225,33,24,853.68,1213.82
902,Tree - jenis belum teridentifikasi,781,1844,1198,1890,1232,47,35,1864.93,1215.94
903,Tree - jenis belum teridentifikasi,166,33,1213,48,1230,16,18,40.55,1221.61
904,Tree - jenis belum teridentifikasi,486,1816,1212,1848,1233,33,22,1831.59,1223.43
905,Tree - jenis belum teridentifikasi,137,8,1219,18,1236,11,18,13.44,1227.26
906,Tree - jenis belum teridentifikasi,314,1152,1215,1167,1241,16,27,1158.74,1226.66
907,Tree - jenis belum teridentifikasi,516,2007,1213,2047,1239,41,27,2026.24,1226.44
908,Tree - jenis belum teridentifikasi,4045,417,1200,495,1269,79,70,454.98,1232.89
909,Tree - jenis belum teridentifikasi,274,867,1221,884,1246,18,26,875.79,1231.27
910,Tree - jenis belum teridentifikasi,40,57,1225,64,1231,8,7,61.02,1227.97
911,Tree - jenis belum teridentifikasi,438,1653,1211,1683,1243,31,33,1669.37,1230.6
912,Tree - jenis belum teridentifikasi,654,1871,1216,1905,1244,35,29,1888.04,1231.88
913,Tree - jenis belum teridentifikasi,234,1910,1224,1930,1246,21,23,1920.54,1235.93
914,Tree - jenis belum teridentifikasi,321,1162,1229,1182,1250,21,22,1172.18,1240.01
915,Tree - jenis belum teridentifikasi,219,14,1229,34,1247,21,19,24.31,1238.94
916,Tree - jenis belum teridentifikasi,277,1931,1236,1957,1252,27,17,1944.42,1242.53
917,Tree - jenis belum teridentifikasi,92,1855,1240,1867,1250,13,11,1860.57,1245.27
918,Tree - jenis belum teridentifikasi,139,1045,1235,1061,1253,17,19,1052.73,1245.84
919,Tree - jenis belum teridentifikasi,368,1713,1237,1736,1256,24,20,1724.32,1245.24
920,Tree - jenis belum teridentifikasi,1879,821,1220,874,1279,54,60,847.19,1249.16
921,Tree - jenis belum teridentifikasi,61,890,1243,895,1255,6,13,892.97,1249.54
922,Tree - jenis belum teridentifikasi,107,1876,1247,1889,1258,14,12,1882.93,1253.04
923,Tree - jenis belum teridentifikasi,3371,529,1216,616,1279,88,64,569.8,1255.33
924,Tree - jenis belum teridentifikasi,321,968,1239,987,1264,20,26,976.87,1254.18
925,Tree - jenis belum teridentifikasi,451,396,1243,421,1269,26,27,408.18,1256.06
926,Tree - jenis belum teridentifikasi,43,298,1253,303,1261,6,9,300.63,1257.16
927,Tree - jenis belum teridentifikasi,123,1433,1249,1444,1264,12,16,1437.4,1256.52
928,Tree - jenis belum teridentifikasi,210,1887,1255,1919,1268,33,14,1901.11,1261.21
929,Tree - jenis belum teridentifikasi,174,1062,1246,1078,1267,17,22,1070.51,1257.59
930,Tree - jenis belum teridentifikasi,406,1449,1250,1466,1279,18,30,1457.66,1264.63
931,Tree - jenis belum teridentifikasi,441,931,1254,960,1279,30,26,944.57,1266.9
932,Tree - jenis belum teridentifikasi,260,1313,1257,1343,1279,31,23,1331.62,1270.02
933,Tree - jenis belum teridentifikasi,237,1129,1253,1143,1274,15,22,1136.76,1265.03
934,Tree - jenis belum teridentifikasi,1095,607,1249,667,1279,61,31,638.13,1264.47
935,Tree - jenis belum teridentifikasi,651,1143,1251,1173,1284,31,34,1158.28,1269.26
936,Tree - jenis belum teridentifikasi,771,1339,1249,1375,1279,37,31,1359.0,1266.14
937,Tree - jenis belum teridentifikasi,1167,708,1261,789,1279,82,19,748.99,1271.68
938,Tree - jenis belum teridentifikasi,376,868,1255,890,1279,23,25,878.39,1269.53
939,Tree - jenis belum teridentifikasi,210,1088,1264,1107,1279,20,16,1097.66,1270.35
940,Tree - jenis belum teridentifikasi,136,890,1265,901,1279,12,15,895.35,1272.05
941,Tree - jenis belum teridentifikasi,432,1374,1261,1407,1279,34,19,1388.1,1272.3
942,Tree - jenis belum teridentifikasi,284,960,1262,980,1279,21,18,969.12,1271.99
943,Tree - jenis belum teridentifikasi,311,981,1261,1003,1279,23,19,991.57,1272.12
944,Tree - jenis belum teridentifikasi,255,1174,1263,1190,1287,17,25,1181.35,1272.66
945,Tree - jenis belum teridentifikasi,26,1927,1270,1932,1274,6,5,1929.69,1271.96
946,Tree - jenis belum teridentifikasi,101,1017,1270,1037,1279,21,10,1024.76,1276.17
947,Tree - jenis belum teridentifikasi,149,1107,1266,1120,1279,14,14,1113.86,1273.32
948,Tree - jenis belum teridentifikasi,126,1487,1263,1497,1279,11,17,1491.81,1271.79
949,Tree - jenis belum teridentifikasi,143,1419,1266,1435,1279,17,14,1425.63,1274.36
950,Tree - jenis belum teridentifikasi,116,1506,1273,1525,1279,20,7,1514.53,1276.27
951,Tree - jenis belum teridentifikasi,24,124,1274,129,1279,6,6,126.71,1276.79
952,Tree - jenis belum teridentifikasi,118,465,1272,477,1294,13,23,472.46,1283.19
953,Tree - jenis belum teridentifikasi,2519,1971,1243,2034,1302,64,60,2005.46,1275.49
954,Tree - jenis belum teridentifikasi,68,41,1277,48,1287,8,11,44.74,1281.56
955,Tree - jenis belum teridentifikasi,384,1562,1268,1578,1302,17,35,1570.12,1285.13
956,Tree - jenis belum teridentifikasi,356,1543,1281,1564,1302,22,22,1552.68,1290.16
957,Tree - jenis belum teridentifikasi,60,570,1287,584,1294,15,8,577.85,1290.95
958,Tree - jenis belum teridentifikasi,103,886,1287,895,1299,10,13,891.39,1293.15
959,Tree - jenis belum teridentifikasi,362,1152,1283,1176,1309,25,27,1163.36,1294.92
960,Tree - jenis belum teridentifikasi,103,887,1300,895,1314,9,15,891.79,1306.23
961,Tree - jenis belum teridentifikasi,590,1989,1303,2025,1324,37,22,2009.27,1311.87
962,Tree - jenis belum teridentifikasi,232,1152,1310,1171,1328,20,19,1158.69,1319.9
963,Tree - jenis belum teridentifikasi,1051,1986,1319,2028,1353,43,35,2004.87,1335.68
964,Tree - jenis belum teridentifikasi,30,888,1336,895,1340,8,5,892.2,1338.3
965,Tree - jenis belum teridentifikasi,77,318,1336,328,1345,11,10,323.0,1340.73
966,Tree - jenis belum teridentifikasi,1545,1244,1306,1279,1374,36,69,1266.43,1340.73
967,Tree - jenis belum teridentifikasi,104,5,1352,17,1363,13,12,10.93,1357.22
968,Tree - jenis belum teridentifikasi,69,161,1353,170,1362,10,10,165.54,1358.43
969,Tree - jenis belum teridentifikasi,119,335,1353,351,1367,17,15,343.69,1359.45
970,Tree - jenis belum teridentifikasi,801,1536,1342,1556,1411,21,70,1543.02,1369.69
971,Tree - jenis belum teridentifikasi,38,289,1368,295,1374,7,7,292.37,1371.13
972,Tree - jenis belum teridentifikasi,55,768,1372,777,1380,10,9,771.09,1375.51
973,Tree - jenis belum teridentifikasi,775,1979,1357,2022,1388,44,32,1998.09,1373.27
974,Tree - jenis belum teridentifikasi,118,1262,1371,1272,1384,11,14,1267.67,1376.96
975,Tree - jenis belum teridentifikasi,32,205,1381,211,1390,7,10,208.44,1385.59
976,Tree - jenis belum teridentifikasi,251,881,1379,895,1403,15,25,889.15,1390.39
977,Tree - jenis belum teridentifikasi,250,2007,1378,2022,1402,16,25,2014.98,1388.46
978,Tree - jenis belum teridentifikasi,139,313,1388,330,1406,18,19,323.01,1395.55
979,Tree - jenis belum teridentifikasi,537,1975,1385,2008,1412,34,28,1991.09,1396.01
980,Tree - jenis belum teridentifikasi,34,335,1396,342,1401,8,6,338.62,1398.5
981,Tree - jenis belum teridentifikasi,38,290,1396,295,1405,6,10,292.45,1400.05
982,Tree - jenis belum teridentifikasi,175,496,1391,511,1407,16,17,503.22,1399.25
983,Tree - jenis belum teridentifikasi,46,355,1397,360,1407,6,11,357.11,1402.39
984,Tree - jenis belum teridentifikasi,24,629,1402,633,1406,5,5,630.92,1403.92
985,Tree - jenis belum teridentifikasi,174,1256,1395,1269,1413,14,19,1261.71,1403.93
986,Tree - jenis belum teridentifikasi,26,17,1402,22,1408,6,7,20.12,1405.46
987,Tree - jenis belum teridentifikasi,429,1967,1402,1996,1423,30,22,1982.1,1413.55
988,Tree - jenis belum teridentifikasi,265,876,1407,895,1426,20,20,887.56,1416.46
989,Tree - jenis belum teridentifikasi,26,608,1416,613,1421,6,6,610.58,1418.58
990,Tree - jenis belum teridentifikasi,133,1270,1417,1279,1438,10,22,1275.91,1424.98
991,Tree - jenis belum teridentifikasi,92,354,1414,363,1428,10,15,358.5,1421.53
992,Tree - jenis belum teridentifikasi,5591,1641,1384,1729,1465,89,82,1684.27,1421.43
993,Tree - jenis belum teridentifikasi,730,1953,1423,1985,1451,33,29,1969.63,1436.1
994,Tree - jenis belum teridentifikasi,1197,1983,1408,2024,1452,42,45,2003.21,1432.87
995,Tree - jenis belum teridentifikasi,42,1260,1432,1267,1439,8,8,1263.07,1435.6
996,Tree - jenis belum teridentifikasi,72,505,1432,511,1445,7,14,508.67,1439.11
997,Tree - jenis belum teridentifikasi,27,868,1440,875,1444,8,5,871.15,1442.11
998,Tree - jenis belum teridentifikasi,36,351,1440,358,1445,8,6,354.69,1442.58
999,Tree - jenis belum teridentifikasi,54,608,1438,615,1446,8,9,611.06,1442.52
1000,Tree - jenis belum teridentifikasi,85,1270,1440,1279,1451,10,12,1275.05,1445.32
1001,Tree - jenis belum teridentifikasi,1552,1592,1432,1643,1481,52,50,1618.05,1451.74
1002,Tree - jenis belum teridentifikasi,183,1950,1446,1964,1463,15,18,1956.63,1454.27
1003,Tree - jenis belum teridentifikasi,668,375,1438,407,1469,33,32,392.21,1453.69
1004,Tree - jenis belum teridentifikasi,274,1970,1447,1993,1465,24,19,1981.58,1455.64
1005,Tree - jenis belum teridentifikasi,100,1403,1454,1419,1461,17,8,1409.77,1457.75
1006,Tree - jenis belum teridentifikasi,21,576,1457,581,1461,6,5,578.1,1458.57
1007,Tree - jenis belum teridentifikasi,859,1630,1443,1659,1484,30,42,1643.8,1464.89
1008,Tree - jenis belum teridentifikasi,1006,1981,1451,2022,1491,42,41,2004.65,1467.23
1009,Tree - jenis belum teridentifikasi,330,1152,1453,1173,1474,22,22,1162.2,1464.35
1010,Tree - jenis belum teridentifikasi,195,1265,1459,1279,1487,15,29,1275.13,1470.07
1011,Tree - jenis belum teridentifikasi,137,19,1461,33,1480,15,20,25.5,1469.91
1012,Tree - jenis belum teridentifikasi,52,337,1469,344,1477,8,9,340.31,1473.0
1013,Tree - jenis belum teridentifikasi,36,577,1468,584,1476,8,9,580.92,1471.97
1014,Tree - jenis belum teridentifikasi,81,889,1470,895,1483,7,14,892.48,1476.01
1015,Tree - jenis belum teridentifikasi,769,368,1462,406,1500,39,39,386.41,1479.48
1016,Tree - jenis belum teridentifikasi,83,1951,1477,1959,1492,9,16,1954.92,1484.83
1017,Tree - jenis belum teridentifikasi,31,23,1481,27,1490,5,10,25.03,1486.16
1018,Tree - jenis belum teridentifikasi,59,1166,1481,1173,1493,8,13,1169.66,1487.1
1019,Tree - jenis belum teridentifikasi,192,0,1483,13,1503,14,21,5.51,1492.16
1020,Tree - jenis belum teridentifikasi,453,1974,1481,2006,1505,33,25,1989.39,1492.66
1021,Tree - jenis belum teridentifikasi,55,1152,1489,1157,1501,6,13,1153.78,1495.0
1022,Tree - jenis belum teridentifikasi,48,1651,1491,1659,1497,9,7,1654.81,1494.35
1023,Tree - jenis belum teridentifikasi,68,1965,1492,1973,1501,9,10,1968.75,1496.13
1024,Tree - jenis belum teridentifikasi,74,1271,1491,1279,1501,9,11,1275.58,1496.61
1025,Tree - jenis belum teridentifikasi,837,2000,1478,2038,1518,39,41,2020.48,1498.17
1026,Tree - jenis belum teridentifikasi,49,11,1501,22,1508,12,8,15.98,1503.94
1027,Tree - jenis belum teridentifikasi,777,1611,1484,1643,1518,33,35,1625.67,1501.37
1028,Tree - jenis belum teridentifikasi,215,1940,1497,1954,1520,15,24,1947.61,1506.74
1029,Tree - jenis belum teridentifikasi,104,24,1503,42,1514,19,12,34.27,1506.96
1030,Tree - jenis belum teridentifikasi,108,810,1499,820,1513,11,15,814.67,1506.38
1031,Tree - jenis belum teridentifikasi,525,1579,1493,1603,1534,25,42,1591.83,1510.33
1032,Tree - jenis belum teridentifikasi,251,1649,1497,1667,1523,19,27,1658.78,1509.83
1033,Tree - jenis belum teridentifikasi,103,315,1510,327,1519,13,10,321.65,1514.61
1034,Tree - jenis belum teridentifikasi,27,186,1512,190,1517,5,6,188.04,1514.59
1035,Tree - jenis belum teridentifikasi,226,1600,1512,1616,1530,17,19,1607.4,1520.84
1036,Tree - jenis belum teridentifikasi,82,3,1519,16,1525,14,7,9.09,1521.84
1037,Tree - jenis belum teridentifikasi,197,1268,1510,1279,1533,12,24,1273.9,1522.92
1038,Tree - jenis belum teridentifikasi,48,1012,1528,1020,1534,9,7,1015.92,1530.92
1039,Tree - jenis belum teridentifikasi,360,1031,1516,1055,1542,25,27,1043.67,1531.0
1040,Tree - jenis belum teridentifikasi,108,9,1530,23,1542,15,13,14.88,1536.45
1041,Tree - jenis belum teridentifikasi,93,619,1536,636,1542,18,7,626.83,1538.32
1042,Tree - jenis belum teridentifikasi,113,675,1536,687,1550,13,15,681.92,1541.32
1043,Tree - jenis belum teridentifikasi,612,1611,1525,1644,1556,34,32,1627.95,1542.1
1044,Tree - jenis belum teridentifikasi,124,1139,1536,1155,1546,17,11,1147.31,1539.63
1045,Tree - jenis belum teridentifikasi,186,82,1533,97,1552,16,20,88.75,1541.84
1046,Tree - jenis belum teridentifikasi,277,1321,1536,1357,1551,37,16,1338.7,1540.52
1047,Tree - jenis belum teridentifikasi,217,1388,1536,1409,1549,22,14,1397.13,1541.19
1048,Tree - jenis belum teridentifikasi,438,1929,1519,1958,1548,30,30,1941.87,1536.84
1049,Tree - jenis belum teridentifikasi,288,1121,1536,1146,1551,26,16,1131.93,1543.52
1050,Tree - jenis belum teridentifikasi,168,1522,1536,1534,1550,13,15,1527.57,1542.88
1051,Tree - jenis belum teridentifikasi,219,1677,1536,1691,1555,15,20,1683.66,1544.88
1052,Tree - jenis belum teridentifikasi,189,340,1537,353,1555,14,19,346.77,1545.56
1053,Tree - jenis belum teridentifikasi,919,1169,1532,1216,1569,48,38,1194.42,1547.06
1054,Tree - jenis belum teridentifikasi,1197,1437,1536,1476,1584,40,49,1459.16,1554.21
1055,Tree - jenis belum teridentifikasi,140,1542,1544,1556,1556,15,13,1549.29,1550.38
1056,Tree - jenis belum teridentifikasi,209,650,1547,672,1568,23,22,662.77,1556.56
1057,Tree - jenis belum teridentifikasi,1963,1475,1536,1527,1586,53,51,1501.03,1556.58
1058,Tree - jenis belum teridentifikasi,172,1320,1549,1339,1561,20,13,1329.31,1554.87
1059,Tree - jenis belum teridentifikasi,210,355,1551,373,1566,19,16,364.1,1557.18
1060,Tree - jenis belum teridentifikasi,672,1411,1536,1436,1570,26,35,1424.46,1550.72
1061,Tree - jenis belum teridentifikasi,357,1566,1542,1589,1573,24,32,1576.94,1559.15
1062,Tree - jenis belum teridentifikasi,1987,1622,1517,1680,1589,59,73,1654.56,1557.04
1063,Tree - jenis belum teridentifikasi,2374,1211,1536,1264,1597,54,62,1237.9,1560.82
1064,Tree - jenis belum teridentifikasi,344,29,1553,60,1569,32,17,43.39,1560.67
1065,Tree - jenis belum teridentifikasi,3473,1253,1533,1327,1606,75,74,1288.15,1567.51
1066,Tree - jenis belum teridentifikasi,517,1922,1548,1945,1576,24,29,1933.89,1561.61
1067,Tree - jenis belum teridentifikasi,58,1391,1558,1399,1566,9,9,1394.24,1561.66
1068,Tree - jenis belum teridentifikasi,129,273,1556,283,1569,11,14,278.33,1562.81
1069,Tree - jenis belum teridentifikasi,47,416,1560,424,1568,9,9,420.0,1563.98
1070,Tree - jenis belum teridentifikasi,399,0,1549,29,1574,30,26,14.96,1561.43
1071,Tree - jenis belum teridentifikasi,66,325,1561,335,1568,11,8,330.58,1564.11
1072,Tree - jenis belum teridentifikasi,73,221,1562,233,1568,13,7,227.44,1564.92
1073,Tree - jenis belum teridentifikasi,310,1433,1556,1452,1582,20,27,1441.7,1567.21
1074,Tree - jenis belum teridentifikasi,268,1600,1552,1619,1580,20,29,1607.49,1566.83
1075,Tree - jenis belum teridentifikasi,108,110,1559,120,1572,11,14,114.98,1566.08
1076,Tree - jenis belum teridentifikasi,525,1530,1556,1568,1577,39,22,1551.24,1567.16
1077,Tree - jenis belum teridentifikasi,97,151,1561,163,1574,13,14,156.61,1568.73
1078,Tree - jenis belum teridentifikasi,48,256,1565,261,1574,6,10,258.46,1569.67
1079,Tree - jenis belum teridentifikasi,213,1713,1565,1729,1582,17,18,1722.3,1573.41
1080,Tree - jenis belum teridentifikasi,33,192,1571,196,1578,5,8,193.97,1574.61
1081,Tree - jenis belum teridentifikasi,1762,747,1554,809,1598,63,45,778.1,1575.96
1082,Tree - jenis belum teridentifikasi,255,1578,1568,1598,1587,21,20,1587.1,1576.87
1083,Tree - jenis belum teridentifikasi,40,476,1575,486,1579,11,5,480.62,1577.2
1084,Tree - jenis belum teridentifikasi,224,577,1569,593,1588,17,20,584.17,1578.13
1085,Tree - jenis belum teridentifikasi,44,1420,1575,1426,1583,7,9,1422.66,1579.43
1086,Tree - jenis belum teridentifikasi,732,648,1568,696,1595,49,28,673.72,1579.52
1087,Tree - jenis belum teridentifikasi,158,1199,1568,1212,1588,14,21,1205.77,1578.31
1088,Tree - jenis belum teridentifikasi,115,1666,1582,1676,1601,11,20,1670.9,1590.51
1089,Tree - jenis belum teridentifikasi,33,129,1579,134,1589,6,11,130.85,1585.76
1090,Tree - jenis belum teridentifikasi,51,1544,1581,1551,1590,8,10,1548.37,1585.55
1091,Tree - jenis belum teridentifikasi,44,1615,1583,1620,1592,6,10,1617.2,1587.23
1092,Tree - jenis belum teridentifikasi,41,225,1590,233,1597,9,8,229.34,1593.39
1093,Tree - jenis belum teridentifikasi,38,12,1590,17,1598,6,9,14.13,1594.08
1094,Tree - jenis belum teridentifikasi,96,662,1589,677,1603,16,15,668.12,1596.66
1095,Tree - jenis belum teridentifikasi,221,498,1593,512,1615,15,23,506.48,1603.24
1096,Tree - jenis belum teridentifikasi,24,256,1599,261,1604,6,6,257.96,1601.42
1097,Tree - jenis belum teridentifikasi,594,1486,1587,1526,1616,41,30,1505.6,1602.82
1098,Tree - jenis belum teridentifikasi,1222,1901,1578,1943,1617,43,40,1922.1,1600.6
1099,Tree - jenis belum teridentifikasi,182,1468,1601,1485,1615,18,15,1475.49,1607.79
1100,Tree - jenis belum teridentifikasi,160,1693,1606,1708,1620,16,15,1701.22,1612.56
1101,Tree - jenis belum teridentifikasi,110,1647,1608,1662,1618,16,11,1654.6,1612.62
1102,Tree - jenis belum teridentifikasi,87,791,1610,804,1618,14,9,797.95,1614.26
1103,Tree - jenis belum teridentifikasi,107,384,1601,391,1619,8,19,386.5,1611.22
1104,Tree - jenis belum teridentifikasi,122,512,1611,524,1624,13,14,518.25,1617.04
1105,Tree - jenis belum teridentifikasi,42,1953,1615,1960,1622,8,8,1955.45,1617.95
1106,Tree - jenis belum teridentifikasi,120,415,1616,425,1630,11,15,420.04,1623.2
1107,Tree - jenis belum teridentifikasi,130,1709,1615,1719,1630,11,16,1714.14,1621.58
1108,Tree - jenis belum teridentifikasi,33,198,1621,206,1625,9,5,201.97,1622.42
1109,Tree - jenis belum teridentifikasi,169,524,1616,541,1631,18,16,531.64,1624.79
1110,Tree - jenis belum teridentifikasi,1047,905,1612,940,1655,36,44,922.84,1631.73
1111,Tree - jenis belum teridentifikasi,131,1733,1620,1745,1633,13,14,1738.83,1625.87
1112,Tree - jenis belum teridentifikasi,102,1746,1622,1758,1630,13,9,1751.97,1626.24
1113,Tree - jenis belum teridentifikasi,44,1593,1626,1598,1636,6,11,1595.82,1631.7
1114,Tree - jenis belum teridentifikasi,1076,752,1608,793,1648,42,41,773.88,1630.58
1115,Tree - jenis belum teridentifikasi,190,1553,1629,1571,1642,19,14,1560.89,1635.99
1116,Tree - jenis belum teridentifikasi,74,10,1632,20,1644,11,13,16.03,1637.27
1117,Tree - jenis belum teridentifikasi,70,213,1632,220,1642,8,11,216.51,1637.16
1118,Tree - jenis belum teridentifikasi,2636,1870,1612,1938,1673,69,62,1904.93,1640.88
1119,Tree - jenis belum teridentifikasi,46,192,1636,201,1641,10,6,196.26,1638.76
1120,Tree - jenis belum teridentifikasi,57,344,1637,350,1646,7,10,347.61,1641.37
1121,Tree - jenis belum teridentifikasi,181,390,1631,402,1648,13,18,395.29,1639.84
1122,Tree - jenis belum teridentifikasi,53,542,1639,551,1647,10,9,546.87,1643.15
1123,Tree - jenis belum teridentifikasi,976,999,1619,1032,1663,34,45,1015.46,1642.92
1124,Tree - jenis belum teridentifikasi,140,1739,1639,1754,1654,16,16,1745.84,1646.07
1125,Tree - jenis belum teridentifikasi,110,791,1640,805,1650,15,11,797.11,1644.91
1126,Tree - jenis belum teridentifikasi,151,1618,1640,1638,1650,21,11,1627.32,1644.6
1127,Tree - jenis belum teridentifikasi,189,805,1641,821,1661,17,21,812.79,1652.11
1128,Tree - jenis belum teridentifikasi,1325,1673,1622,1715,1663,43,42,1695.5,1644.8
1129,Tree - jenis belum teridentifikasi,52,334,1648,342,1656,9,9,338.87,1651.48
1130,Tree - jenis belum teridentifikasi,1002,1638,1625,1680,1676,43,52,1663.29,1650.05
1131,Tree - jenis belum teridentifikasi,707,1716,1631,1749,1664,34,34,1728.22,1649.51
1132,Tree - jenis belum teridentifikasi,188,394,1647,407,1673,14,27,401.2,1657.37
1133,Tree - jenis belum teridentifikasi,72,304,1654,312,1663,9,10,307.99,1658.82
1134,Tree - jenis belum teridentifikasi,124,819,1656,835,1671,17,16,826.75,1662.9
1135,Tree - jenis belum teridentifikasi,108,1750,1654,1766,1663,17,10,1757.56,1659.81
1136,Tree - jenis belum teridentifikasi,39,546,1658,554,1664,9,7,550.31,1660.67
1137,Tree - jenis belum teridentifikasi,135,384,1661,394,1676,11,16,388.47,1668.94
1138,Tree - jenis belum teridentifikasi,245,1842,1666,1865,1684,24,19,1854.4,1674.43
1139,Tree - jenis belum teridentifikasi,2024,926,1650,981,1699,56,50,955.27,1675.31
1140,Tree - jenis belum teridentifikasi,655,1645,1660,1673,1694,29,35,1657.42,1676.3
1141,Tree - jenis belum teridentifikasi,215,2035,1669,2047,1689,13,21,2042.06,1678.6
1142,Tree - jenis belum teridentifikasi,83,1913,1671,1920,1683,8,13,1915.98,1676.92
1143,Tree - jenis belum teridentifikasi,105,542,1671,551,1687,10,17,546.7,1679.48
1144,Tree - jenis belum teridentifikasi,81,1790,1673,1799,1683,10,11,1794.67,1677.84
1145,Tree - jenis belum teridentifikasi,877,982,1667,1014,1702,33,36,997.33,1684.75
1146,Tree - jenis belum teridentifikasi,222,2,1681,28,1699,27,19,15.0,1689.99
1147,Tree - jenis belum teridentifikasi,339,384,1675,407,1701,24,27,395.65,1687.96
1148,Tree - jenis belum teridentifikasi,42,1260,1684,1268,1690,9,7,1263.55,1686.79
1149,Tree - jenis belum teridentifikasi,53,1877,1685,1883,1698,7,14,1879.91,1690.66
1150,Tree - jenis belum teridentifikasi,1401,1015,1678,1061,1714,47,37,1037.81,1696.04
1151,Tree - jenis belum teridentifikasi,88,504,1685,511,1701,8,17,508.67,1693.88
1152,Tree - jenis belum teridentifikasi,47,850,1696,858,1703,9,8,854.09,1698.66
1153,Tree - jenis belum teridentifikasi,37,421,1698,427,1706,7,9,424.41,1701.89
1154,Tree - jenis belum teridentifikasi,156,519,1697,530,1720,12,24,523.54,1707.04
1155,Tree - jenis belum teridentifikasi,102,1152,1698,1159,1712,8,15,1155.2,1705.0
1156,Tree - jenis belum teridentifikasi,214,1285,1694,1314,1707,30,14,1297.03,1700.53
1157,Tree - jenis belum teridentifikasi,450,1870,1696,1912,1718,43,23,1893.51,1707.7
1158,Tree - jenis belum teridentifikasi,562,917,1690,944,1719,28,30,929.95,1705.85
1159,Tree - jenis belum teridentifikasi,829,2029,1695,2047,1749,19,55,2039.31,1721.73
1160,Tree - jenis belum teridentifikasi,163,1849,1705,1869,1720,21,16,1858.23,1711.29
1161,Tree - jenis belum teridentifikasi,1113,1062,1693,1106,1729,45,37,1082.81,1710.7
1162,Tree - jenis belum teridentifikasi,55,329,1711,335,1720,7,10,331.93,1715.35
1163,Tree - jenis belum teridentifikasi,79,392,1711,400,1723,9,13,395.65,1717.35
1164,Tree - jenis belum teridentifikasi,182,1301,1711,1319,1725,19,15,1309.2,1716.81
1165,Tree - jenis belum teridentifikasi,34,24,1717,30,1721,7,5,27.09,1719.06
1166,Tree - jenis belum teridentifikasi,128,483,1715,496,1727,14,13,489.38,1721.03
1167,Tree - jenis belum teridentifikasi,1204,981,1709,1029,1749,49,41,1003.64,1727.11
1168,Tree - jenis belum teridentifikasi,57,1861,1721,1871,1728,11,8,1866.47,1725.05
1169,Tree - jenis belum teridentifikasi,201,0,1714,20,1737,21,24,9.87,1725.1
1170,Tree - jenis belum teridentifikasi,53,34,1729,42,1738,9,10,38.77,1733.77
1171,Tree - jenis belum teridentifikasi,31,2029,1734,2037,1738,9,5,2032.16,1735.48
1172,Tree - jenis belum teridentifikasi,103,407,1733,419,1742,13,10,412.53,1737.98
1173,Tree - jenis belum teridentifikasi,56,384,1737,391,1747,8,11,386.55,1741.36
1174,Tree - jenis belum teridentifikasi,60,504,1737,511,1749,8,13,506.78,1742.67
1175,Tree - jenis belum teridentifikasi,96,206,1750,216,1762,11,13,211.39,1755.43
1176,Tree - jenis belum teridentifikasi,28,906,1752,911,1758,6,7,909.11,1755.18
1177,Tree - jenis belum teridentifikasi,193,384,1745,401,1765,18,21,392.95,1756.63
1178,Tree - jenis belum teridentifikasi,174,16,1745,31,1767,16,23,22.32,1756.35
1179,Tree - jenis belum teridentifikasi,102,510,1760,522,1771,13,12,516.66,1764.76
1180,Tree - jenis belum teridentifikasi,581,955,1757,984,1781,30,25,969.43,1769.47
1181,Tree - jenis belum teridentifikasi,567,878,1764,902,1793,25,30,890.28,1777.89
1182,Tree - jenis belum teridentifikasi,617,1322,1762,1370,1790,49,29,1343.55,1777.66
1183,Tree - jenis belum teridentifikasi,354,493,1771,518,1795,26,25,505.56,1783.71
1184,Tree - jenis belum teridentifikasi,1098,964,1781,1005,1822,42,42,981.68,1801.28
1185,Tree - jenis belum teridentifikasi,298,1078,1793,1104,1814,27,22,1093.81,1803.97
1186,Tree - jenis belum teridentifikasi,1582,1376,1778,1437,1823,62,46,1411.66,1800.57
1187,Tree - jenis belum teridentifikasi,165,1455,1796,1470,1810,16,15,1463.33,1803.48
1188,Tree - jenis belum teridentifikasi,158,1104,1798,1117,1811,14,14,1109.95,1804.54
1189,Tree - jenis belum teridentifikasi,953,936,1789,966,1836,31,48,952.57,1813.97
1190,Tree - jenis belum teridentifikasi,79,1060,1813,1070,1821,11,9,1065.42,1817.18
1191,Tree - jenis belum teridentifikasi,681,1435,1803,1460,1837,26,35,1447.45,1820.44
1192,Tree - jenis belum teridentifikasi,77,1050,1816,1060,1824,11,9,1054.68,1820.01
1193,Tree - jenis belum teridentifikasi,405,1514,1817,1536,1841,23,25,1525.4,1828.62
1194,Tree - jenis belum teridentifikasi,85,1049,1825,1058,1836,10,12,1053.16,1830.12
1195,Tree - jenis belum teridentifikasi,3818,1534,1800,1613,1865,80,66,1571.92,1833.13
1196,Tree - jenis belum teridentifikasi,338,1609,1842,1638,1858,30,17,1622.63,1848.95
1197,Tree - jenis belum teridentifikasi,346,1105,1842,1128,1865,24,24,1115.76,1855.48
1198,Tree - jenis belum teridentifikasi,257,422,1849,443,1872,22,24,433.25,1858.44
1199,Tree - jenis belum teridentifikasi,309,1628,1854,1648,1874,21,21,1639.53,1863.75
1200,Tree - jenis belum teridentifikasi,215,587,1858,610,1875,24,18,599.09,1866.78
1201,Tree - jenis belum teridentifikasi,339,1669,1861,1703,1880,35,20,1689.71,1868.97
1202,Tree - jenis belum teridentifikasi,172,401,1858,421,1874,21,17,410.82,1866.61
1203,Tree - jenis belum teridentifikasi,278,1649,1858,1663,1880,15,23,1657.12,1869.18
1204,Tree - jenis belum teridentifikasi,86,244,1867,257,1878,14,12,250.55,1872.29
1205,Tree - jenis belum teridentifikasi,53,1494,1867,1502,1875,9,9,1498.45,1871.09
1206,Tree - jenis belum teridentifikasi,48,1337,1871,1344,1877,8,7,1340.23,1874.12
1207,Tree - jenis belum teridentifikasi,33,269,1873,276,1878,8,6,271.97,1875.18
1208,Tree - jenis belum teridentifikasi,85,426,1871,438,1882,13,12,430.95,1875.81
1209,Tree - jenis belum teridentifikasi,362,480,1867,500,1892,21,26,491.5,1878.58
1210,Tree - jenis belum teridentifikasi,170,567,1870,585,1886,19,17,576.51,1876.41
1211,Tree - jenis belum teridentifikasi,213,1296,1869,1313,1885,18,17,1303.96,1877.41
1212,Tree - jenis belum teridentifikasi,174,1665,1866,1677,1885,13,20,1670.37,1876.17
1213,Tree - jenis belum teridentifikasi,131,1232,1873,1243,1887,12,15,1237.7,1880.36
1214,Tree - jenis belum teridentifikasi,210,606,1869,623,1890,18,22,616.23,1879.93
1215,Tree - jenis belum teridentifikasi,37,1507,1877,1515,1883,9,7,1511.32,1880.08
1216,Tree - jenis belum teridentifikasi,276,529,1873,553,1892,25,20,541.61,1882.97
1217,Tree - jenis belum teridentifikasi,43,516,1880,527,1886,12,7,522.02,1883.4
1218,Tree - jenis belum teridentifikasi,824,1614,1859,1644,1898,31,40,1627.61,1881.42
1219,Tree - jenis belum teridentifikasi,142,551,1878,564,1893,14,16,557.57,1885.42
1220,Tree - jenis belum teridentifikasi,103,593,1877,605,1890,13,14,597.73,1883.82
1221,Tree - jenis belum teridentifikasi,265,1645,1879,1663,1898,19,20,1652.63,1889.13
1222,Tree - jenis belum teridentifikasi,135,501,1884,511,1898,11,15,506.59,1890.36
1223,Tree - jenis belum teridentifikasi,25,240,1888,245,1893,6,6,242.16,1890.52
1224,Tree - jenis belum teridentifikasi,189,1228,1887,1239,1909,12,23,1233.78,1897.49
1225,Tree - jenis belum teridentifikasi,1829,1088,1865,1134,1918,47,54,1109.35,1892.81
1226,Tree - jenis belum teridentifikasi,146,1408,1887,1419,1901,12,15,1414.0,1894.2
1227,Tree - jenis belum teridentifikasi,191,1681,1887,1699,1900,19,14,1690.39,1893.73
1228,Tree - jenis belum teridentifikasi,30,1763,1892,1770,1896,8,5,1766.43,1894.33
1229,Tree - jenis belum teridentifikasi,32,1785,1892,1793,1896,9,5,1788.62,1893.81
1230,Tree - jenis belum teridentifikasi,493,431,1888,462,1913,32,26,446.34,1899.37
1231,Tree - jenis belum teridentifikasi,57,256,1897,269,1903,14,7,261.37,1899.0
1232,Tree - jenis belum teridentifikasi,81,625,1899,634,1911,10,13,630.41,1904.41
1233,Tree - jenis belum teridentifikasi,151,604,1896,622,1914,19,19,611.47,1904.87
1234,Tree - jenis belum teridentifikasi,190,531,1898,547,1914,17,17,538.77,1906.4
1235,Tree - jenis belum teridentifikasi,36,1824,1904,1830,1910,7,7,1826.67,1906.86
1236,Tree - jenis belum teridentifikasi,423,455,1898,484,1922,30,25,467.67,1910.08
1237,Tree - jenis belum teridentifikasi,49,358,1910,365,1917,8,8,361.45,1913.9
1238,Tree - jenis belum teridentifikasi,1882,1368,1897,1419,1951,52,55,1395.98,1922.25
1239,Tree - jenis belum teridentifikasi,401,582,1911,611,1934,30,24,595.24,1922.29
1240,Tree - jenis belum teridentifikasi,94,629,1917,641,1934,13,18,636.55,1924.57
1241,Tree - jenis belum teridentifikasi,145,436,1915,449,1933,14,19,442.79,1924.65
1242,Tree - jenis belum teridentifikasi,1759,543,1887,594,1946,52,60,566.72,1917.6
1243,Tree - jenis belum teridentifikasi,111,808,1922,833,1930,26,9,818.81,1925.77
1244,Tree - jenis belum teridentifikasi,387,525,1916,544,1943,20,28,534.91,1930.75
1245,Tree - jenis belum teridentifikasi,81,1295,1928,1307,1936,13,9,1300.48,1932.25
1246,Tree - jenis belum teridentifikasi,56,608,1929,618,1937,11,9,613.82,1932.43
1247,Tree - jenis belum teridentifikasi,73,839,1929,850,1940,12,12,844.29,1935.19
1248,Tree - jenis belum teridentifikasi,629,494,1925,511,1973,18,49,504.03,1949.32
1249,Tree - jenis belum teridentifikasi,145,540,1948,553,1962,14,15,547.01,1954.86
1250,Tree - jenis belum teridentifikasi,61,23,1953,31,1966,9,14,26.02,1960.57
1251,Tree - jenis belum teridentifikasi,49,1930,1954,1937,1965,8,12,1933.43,1959.16
1252,Tree - jenis belum teridentifikasi,186,1363,1958,1379,1973,17,16,1370.66,1965.28
1253,Tree - jenis belum teridentifikasi,26,1244,1967,1249,1972,6,6,1246.69,1969.54
1254,Tree - jenis belum teridentifikasi,749,307,1960,337,1991,31,32,322.31,1974.73
1255,Tree - jenis belum teridentifikasi,75,505,1971,511,1982,7,12,508.32,1976.84
1256,Tree - jenis belum teridentifikasi,64,1390,1975,1399,1983,10,9,1395.02,1979.42
1257,Tree - jenis belum teridentifikasi,86,909,1986,920,1996,12,11,914.08,1990.12
1258,Tree - jenis belum teridentifikasi,30,1329,1988,1334,1994,6,7,1332.1,1991.0
1259,Tree - jenis belum teridentifikasi,24,427,1995,433,1999,7,5,429.96,1996.92
1260,Tree - jenis belum teridentifikasi,515,976,1988,1015,2008,40,21,993.58,1996.68
1261,Tree - jenis belum teridentifikasi,228,1397,1998,1416,2015,20,18,1406.71,2005.86
1262,Tree - jenis belum teridentifikasi,44,1759,2004,1766,2011,8,8,1762.18,2006.7
1263,Tree - jenis belum teridentifikasi,266,960,1999,980,2017,21,19,968.69,2008.05
1264,Tree - jenis belum teridentifikasi,117,1905,2004,1918,2018,14,15,1912.32,2010.17
1265,Tree - jenis belum teridentifikasi,87,821,2007,835,2014,15,8,829.28,2010.44
1266,Tree - jenis belum teridentifikasi,90,1306,2003,1318,2018,13,16,1313.51,2010.58
1267,Tree - jenis belum teridentifikasi,38,1888,2009,1895,2016,8,8,1892.26,2012.61
1268,Tree - jenis belum teridentifikasi,58,1879,2009,1888,2019,10,11,1882.98,2014.21
1269,Tree - jenis belum teridentifikasi,2025,1007,1987,1064,2032,58,46,1036.6,2009.38
1270,Tree - jenis belum teridentifikasi,368,991,2006,1010,2033,20,28,1001.96,2018.34
1271,Tree - jenis belum teridentifikasi,604,1985,2004,2010,2033,26,30,1998.43,2017.19
1272,Tree - jenis belum teridentifikasi,45,131,2020,141,2025,11,6,136.38,2022.47
1273,Tree - jenis belum teridentifikasi,25,648,2020,652,2027,5,8,649.8,2023.24
1274,Tree - jenis belum teridentifikasi,142,1793,2018,1810,2031,18,14,1800.73,2024.61
1275,Tree - jenis belum teridentifikasi,80,336,2020,344,2030,9,11,339.64,2024.6
1276,Tree - jenis belum teridentifikasi,64,1304,2019,1310,2032,7,14,1307.27,2026.12
1277,Tree - jenis belum teridentifikasi,64,349,2023,357,2031,9,9,353.11,2027.45
1278,Tree - jenis belum teridentifikasi,6048,825,1964,956,2047,132,84,887.69,2015.18
1279,Tree - jenis belum teridentifikasi,66,1386,2025,1398,2032,13,8,1392.55,2028.45
1280,Tree - jenis belum teridentifikasi,31,1405,2026,1409,2033,5,8,1407.16,2028.87
1281,Tree - jenis belum teridentifikasi,1578,284,2006,328,2047,45,42,305.83,2028.26
1282,Tree - jenis belum teridentifikasi,79,362,2029,373,2037,12,9,368.06,2033.1
1283,Tree - jenis belum teridentifikasi,60,1000,2032,1012,2037,13,6,1006.57,2034.87
1284,Tree - jenis belum teridentifikasi,868,999,2030,1057,2047,59,18,1029.63,2039.56
1285,Tree - jenis belum teridentifikasi,650,1261,2032,1326,2047,66,16,1292.58,2042.24
1286,Tree - jenis belum teridentifikasi,22,1818,2033,1823,2037,6,5,1821.0,2035.23
1287,Tree - jenis belum teridentifikasi,883,1799,2018,1858,2047,60,30,1837.1,2036.62
1288,Tree - jenis belum teridentifikasi,602,1859,2023,1895,2047,37,25,1875.05,2038.56
1289,Tree - jenis belum teridentifikasi,133,1888,2022,1898,2037,11,16,1892.59,2029.37
